season,home_team,away_team,true_player,RF_predicted_player,RF_confidence,RF_is_correct,KNN_predicted_player,KNN_confidence,KNN_is_correct
2007,IND,BOS,Troy Murphy,Troy Murphy,0.6054112497512029,True,Troy Murphy,0.9999995151847904,True
2007,HOU,DAL,Chuck Hayes,Chuck Hayes,0.5563748206894819,True,Chuck Hayes,0.999999282551993,True
2007,SAS,POR,Brent Barry,Brent Barry,0.554355789939431,True,Brent Barry,1.0,True
2007,MIN,BOS,Craig Smith,Craig Smith,0.6781660514557802,True,Craig Smith,1.0,True
2007,MEM,LAL,Stromile Swift,Pau Gasol,0.5653664418594262,False,Tarence Kinsey,0.712561243490133,False
2007,MIL,CLE,Charlie Bell,Charlie Bell,0.6945989745576645,True,Charlie Bell,1.0,True
2007,MIA,GSW,Dwyane Wade,Dwyane Wade,0.6866301488282308,True,Dwyane Wade,0.9999993778642526,True
2007,CLE,SAC,Anderson Varejao,Anderson Varejao,0.5773166479137535,True,Anderson Varejao,0.6866022295075925,True
2007,GSW,WAS,Mickael Pietrus,Keith McLeod,0.5302839600993962,False,Patrick O'Bryant,1.0,False
2007,DEN,TOR,Yakhouba Diawara,Yakhouba Diawara,0.6235070806093606,True,Yakhouba Diawara,1.0,True
2007,MEM,ORL,Damon Stoudamire,Scott Padgett,0.5311980588059666,False,Damon Stoudamire,0.8257901922957543,True
2007,UTA,HOU,Carlos Boozer,Paul Millsap,0.5746779557299242,False,Gordan Giricek,1.0,False
2007,UTA,WAS,Paul Millsap,Rafael Araujo,0.5299022291923391,False,Roger Powell,0.6327371907991309,False
2007,POR,SAC,Ime Udoka,Jarrett Jack,0.6139891255567459,False,Ime Udoka,1.0,True
2007,MIA,LAL,Michael Doleac,Michael Doleac,0.6624943055931343,True,Michael Doleac,1.0,True
2007,ORL,TOR,Dwight Howard,Dwight Howard,0.6266014265796019,True,Dwight Howard,1.0,True
2007,MIA,NYK,Antoine Walker,Antoine Walker,0.5835071839513029,True,Antoine Walker,0.9999991942075698,True
2007,NYK,SAS,Quentin Richardson,Quentin Richardson,0.6396336819816276,True,Quentin Richardson,1.0,True
2007,NYK,ORL,Renaldo Balkman,Renaldo Balkman,0.5912215141409652,True,Renaldo Balkman,0.9999976205609453,True
2007,DEN,LAC,J.R. Smith,J.R. Smith,0.622433462682607,True,J.R. Smith,0.9999977841588866,True
2007,DEN,SAC,Allen Iverson,Allen Iverson,0.7364237433250765,True,Allen Iverson,0.9999985774677743,True
2007,LAL,DEN,Maurice Evans,Andrew Bynum,0.5321294395380108,False,Maurice Evans,0.897435410441721,True
2007,NYK,PHI,Stephon Marbury,Steve Francis,0.5317890019228068,False,Randolph Morris,0.4456109599733393,False
2007,GSW,PHI,Matt Barnes,Matt Barnes,0.7049174374145292,True,Matt Barnes,0.9999978084603994,True
2007,POR,DEN,Martell Webster,Martell Webster,0.5891558818446293,True,Martell Webster,1.0,True
2007,DET,PHI,Chris Webber,Nazr Mohammed,0.5256692884342974,False,Lindsey Hunter,0.5200597882126385,False
2007,CLE,MEM,Damon Jones,Damon Jones,0.5835465757643974,True,Damon Jones,1.0,True
2007,WAS,ORL,Antawn Jamison,Michael Ruffin,0.5262513858990367,False,Brendan Haywood,0.3849888743357894,False
2007,HOU,LAL,Luther Head,Luther Head,0.6760793127199249,True,Luther Head,1.0,True
2007,DET,TOR,Antonio McDyess,Ronald Murray,0.5959402783378966,False,Dale Davis,0.7774490842071475,False
2007,SAC,PHO,Ronnie Price,Francisco Garcia,0.48982920708239414,False,Ronnie Price,0.9999991312557541,True
2007,UTA,SEA,Matt Harpring,Roger Powell,0.5521788654760377,False,Jarron Collins,0.9189199500006904,False
2007,WAS,NYK,Antawn Jamison,Jarvis Hayes,0.5351022017927783,False,Donell Taylor,0.591076471145094,False
2007,MEM,MIA,Mike Miller,Brian Cardinal,0.5610034815807968,False,Mike Miller,1.0,True
2007,CHI,PHI,Luol Deng,Malik Allen,0.5342838539951478,False,Kirk Hinrich,0.5569604361340422,False
2007,MIN,NOK,Trenton Hassell,Trenton Hassell,0.6732584982067372,True,Trenton Hassell,1.0,True
2007,HOU,SAC,Juwan Howard,Jake Tsakalidis,0.6151048093797548,False,Juwan Howard,1.0,True
2007,MIA,IND,Antoine Walker,Antoine Walker,0.6069123602929075,True,Antoine Walker,1.0,True
2007,MIL,DEN,Charlie Bell,Charlie Bell,0.6763252385151992,True,Charlie Bell,1.0,True
2007,POR,MIN,LaMarcus Aldridge,LaMarcus Aldridge,0.7112448540020302,True,LaMarcus Aldridge,1.0,True
2007,CLE,TOR,Zydrunas Ilgauskas,Zydrunas Ilgauskas,0.6489457120217957,True,Zydrunas Ilgauskas,1.0,True
2007,CHI,CLE,P.J. Brown,Viktor Khryapa,0.518538339291494,False,P.J. Brown,1.0,True
2007,LAL,WAS,Smush Parker,Sasha Vujacic,0.5271453919483959,False,Sasha Vujacic,0.6635927809912796,False
2007,MIA,LAC,Udonis Haslem,Udonis Haslem,0.5668953912864048,True,Udonis Haslem,1.0,True
2007,ORL,NJN,Carlos Arroyo,Carlos Arroyo,0.5483592170469591,True,Carlos Arroyo,1.0,True
2007,UTA,MEM,Deron Williams,Deron Williams,0.6212476447117944,True,Deron Williams,0.9999974618517412,True
2007,GSW,PHI,Baron Davis,Anthony Roberson,0.4909879259801929,False,Adonal Foyle,0.34643674257034224,False
2007,DEN,MIN,Allen Iverson,Allen Iverson,0.6784634159835957,True,Allen Iverson,1.0,True
2007,LAL,NYK,Kobe Bryant,Kobe Bryant,0.6914809349676047,True,Maurice Evans,1.0,False
2007,NYK,MIA,Stephon Marbury,Stephon Marbury,0.6674642242926947,True,Stephon Marbury,1.0,True
2007,NYK,IND,Eddy Curry,Malik Rose,0.5277273235830343,False,Nate Robinson,0.49970899225762816,False
2007,MIL,NOK,Brian Skinner,Brian Skinner,0.5719232326751836,True,Brian Skinner,1.0,True
2007,TOR,IND,Anthony Parker,Anthony Parker,0.7149901565903456,True,Juan Dixon,1.0,False
2007,MIL,WAS,Charlie Bell,Charlie Bell,0.5562263889166162,True,Charlie Bell,0.9999967867201305,True
2007,GSW,CHA,Mickael Pietrus,Josh Powell,0.5762376969059836,False,Jason Richardson,1.0,False
2007,NYK,LAL,Jared Jeffries,Renaldo Balkman,0.4927779864152962,False,Randolph Morris,0.18823092981707157,False
2007,DEN,UTA,Jamal Sampson,Jamal Sampson,0.5898019777312782,True,Jamal Sampson,1.0,True
2007,BOS,CHA,Sebastian Telfair,Kendrick Perkins,0.4307531351805527,False,Rajon Rondo,0.16570606513292016,False
2007,DEN,CLE,Marcus Camby,Marcus Camby,0.6731887124885471,True,Marcus Camby,1.0,True
2007,SAC,DEN,Francisco Garcia,Francisco Garcia,0.6903104362489458,True,Francisco Garcia,0.9999998987733234,True
2007,WAS,DAL,Gilbert Arenas,Gilbert Arenas,0.6928297014800591,True,Gilbert Arenas,1.0,True
2007,SAS,SAC,Manu Ginobili,Manu Ginobili,0.6120354124827678,True,Manu Ginobili,0.9999988097569342,True
2007,PHO,DAL,Steve Nash,Steve Nash,0.6531645220356309,True,Steve Nash,1.0,True
2007,WAS,DET,Caron Butler,Caron Butler,0.7324898444329712,True,Mike Hall,1.0,False
2007,CHI,NJN,Ben Gordon,Andres Nocioni,0.5262371767212541,False,Viktor Khryapa,0.8215141834398374,False
2007,DET,NYK,Carlos Delfino,Carlos Delfino,0.6985043756440021,True,Carlos Delfino,1.0,True
2007,MIL,MEM,David Noel,David Noel,0.6552334775621952,True,David Noel,1.0,True
2007,HOU,SAS,Jake Tsakalidis,Scott Padgett,0.5559176490605465,False,Jake Tsakalidis,1.0,True
2007,PHO,CHI,Amar'e Stoudemire,Amar'e Stoudemire,0.736431354516968,True,Amar'e Stoudemire,1.0,True
2007,LAC,MEM,Sam Cassell,Doug Christie,0.5619689360012923,False,Sam Cassell,0.3609163807067412,True
2007,LAC,DAL,Shaun Livingston,Tim Thomas,0.5823198541204896,False,Luke Jackson,0.5292920490015876,False
2007,UTA,CLE,Gordan Giricek,Gordan Giricek,0.5383672192464718,True,Gordan Giricek,0.9999985086706503,True
2007,CHI,MEM,Mike Sweetney,Chris Duhon,0.5974426445009711,False,Thabo Sefolosha,0.806663717727414,False
2007,GSW,UTA,Stephen Jackson,Sarunas Jasikevicius,0.4988517951954815,False,Stephen Jackson,1.0,True
2007,LAL,GSW,Shammond Williams,Smush Parker,0.5608907985428709,False,Luke Walton,0.7466353800872532,False
2007,DEN,ATL,Earl Boykins,Earl Boykins,0.6899000654769631,True,Earl Boykins,1.0,True
2007,NYK,PHO,Nate Robinson,Channing Frye,0.5795264349343006,False,Nate Robinson,0.6189533312711771,True
2007,NYK,TOR,Steve Francis,Steve Francis,0.7010343000244881,True,Steve Francis,1.0,True
2007,ATL,UTA,Josh Smith,Esteban Batista,0.4899462595318946,False,Marvin Williams,0.5964888242517915,False
2007,MIL,SAC,Charlie Villanueva,Charlie Villanueva,0.638424226999217,True,Damir Markota,1.0,False
2007,BOS,ATL,Rajon Rondo,Leon Powe,0.5033856213898029,False,Leon Powe,0.2999707458054906,False
2007,ATL,MIL,Lorenzen Wright,Lorenzen Wright,0.6412668817804809,True,Lorenzen Wright,0.9999994507991493,True
2007,IND,LAC,Danny Granger,Danny Granger,0.6489629817548171,True,Danny Granger,1.0,True
2007,CHI,NJN,Ben Gordon,Ben Gordon,0.633617163900076,True,Ben Gordon,1.0,True
2007,CLE,IND,Eric Snow,Sasha Pavlovic,0.5298782328361646,False,Scot Pollard,0.509655757177283,False
2007,BOS,CLE,Gerald Green,Gerald Green,0.5214237444775361,True,Gerald Green,0.8356865738377949,True
2007,NYK,BOS,David Lee,David Lee,0.5340882786738037,True,David Lee,0.9999979176138523,True
2007,POR,ORL,Juan Dixon,Juan Dixon,0.7027249525848748,True,Juan Dixon,0.9999995902438783,True
2007,MIA,SAC,Shaquille O'Neal,Shaquille O'Neal,0.6200302388586862,True,Jason Kapono,1.0,False
2007,LAL,PHO,Jordan Farmar,Jordan Farmar,0.698046654582253,True,Jordan Farmar,1.0,True
2007,CHI,MEM,Luol Deng,Luol Deng,0.6173274327170002,True,Luol Deng,1.0,True
2007,MIN,LAC,Ricky Davis,Ricky Davis,0.6033138188734494,True,Ricky Davis,1.0,True
2007,GSW,MIN,Andris Biedrins,Andris Biedrins,0.6325789096375246,True,Andris Biedrins,1.0,True
2007,PHI,DET,Samuel Dalembert,Allen Iverson,0.48346429194361973,False,Rodney Carney,0.4930287190135715,False
2007,CHI,CHA,P.J. Brown,P.J. Brown,0.608799859210561,True,P.J. Brown,1.0,True
2007,GSW,MEM,Matt Barnes,Anthony Roberson,0.6063413934934789,False,Kelenna Azubuike,1.0,False
2007,CHI,POR,Chris Duhon,Chris Duhon,0.6273422244843772,True,Tyrus Thomas,1.0,False
2007,MIN,DEN,Randy Foye,Randy Foye,0.575366698928423,True,Randy Foye,0.9999855019604759,True
2007,UTA,TOR,Matt Harpring,Matt Harpring,0.7098799528141119,True,Matt Harpring,1.0,True
2007,GSW,ATL,Stephen Jackson,Stephen Jackson,0.5297024276762,True,Stephen Jackson,0.9999992261657282,True
2008,CHI,NOH,Tyrus Thomas,Tyrus Thomas,0.5566275060450254,True,Tyrus Thomas,0.9999992246010538,True
2008,LAL,NYK,Derek Fisher,Derek Fisher,0.550084203459488,True,Derek Fisher,1.0,True
2008,MIL,MEM,Desmond Mason,Desmond Mason,0.7240943884152129,True,Desmond Mason,1.0,True
2008,DEN,HOU,Kenyon Martin,Yakhouba Diawara,0.5929109786409746,False,Kenyon Martin,1.0,True
2008,PHO,DEN,Amar'e Stoudemire,D.J. Strawberry,0.49737297479505016,False,Raja Bell,0.5957076914753903,False
2008,POR,SAC,LaMarcus Aldridge,Von Wafer,0.5805050479554877,False,Josh McRoberts,1.0,False
2008,UTA,LAL,Andrei Kirilenko,Carlos Boozer,0.5272421064729906,False,Andrei Kirilenko,1.0,True
2008,DEN,MIL,Nene Hilario,Mike Wilks,0.542057229854096,False,Mike Wilks,0.40554574950727335,False
2008,CLE,PHI,Drew Gooden,Demetris Nichols,0.5426976195520269,False,Shannon Brown,0.5484433458211952,False
2008,TOR,IND,Jorge Garbajosa,Jorge Garbajosa,0.5023858025871197,True,T.J. Ford,0.7904245041218635,False
2008,DET,DAL,Antonio McDyess,Antonio McDyess,0.6497571010713201,True,Antonio McDyess,0.9999993903451405,True
2008,GSW,SAS,Monta Ellis,Monta Ellis,0.685128261613842,True,Monta Ellis,1.0,True
2008,POR,CLE,Steve Blake,Channing Frye,0.6026719949690872,False,Jarrett Jack,0.860152702452734,False
2008,WAS,MIA,DeShawn Stevenson,DeShawn Stevenson,0.7263342584247573,True,DeShawn Stevenson,1.0,True
2008,PHI,DET,Andre Miller,Andre Miller,0.6996327243294134,True,Andre Miller,0.9999995730405625,True
2008,CHI,UTA,Luol Deng,Thabo Sefolosha,0.5114169406938598,False,Joe Smith,0.3240220625469591,False
2008,NYK,NJN,Jamal Crawford,Jamal Crawford,0.6049738062965615,True,Jamal Crawford,0.9999988010041809,True
2008,DAL,SAC,Jason Kidd,Jason Kidd,0.643619566888069,True,Jason Kidd,1.0,True
2008,BOS,NYK,Ray Allen,Kendrick Perkins,0.5235878700083716,False,P.J. Brown,0.3192282112762402,False
2008,DET,MIN,Lindsey Hunter,Lindsey Hunter,0.5569469729372805,True,Chauncey Billups,0.800459312791834,False
2008,POR,SAC,LaMarcus Aldridge,Steve Blake,0.5714936857516826,False,Martell Webster,0.581937307957068,False
2008,NYK,NOH,Jared Jeffries,Jared Jeffries,0.6829683037096456,True,Jared Jeffries,0.9999993726926045,True
2008,WAS,DAL,DeShawn Stevenson,DeShawn Stevenson,0.7023468660813902,True,DeShawn Stevenson,1.0,True
2008,MIA,DAL,Mark Blount,Mark Blount,0.5924380742642095,True,Mark Blount,0.9999979821131224,True
2008,DEN,NJN,Eduardo Najera,Eduardo Najera,0.5731130470245421,True,Eduardo Najera,1.0,True
2008,SAC,LAL,Francisco Garcia,Francisco Garcia,0.6118717169059288,True,Francisco Garcia,0.9999989529098352,True
2008,PHI,NYK,Willie Green,Shavlik Randolph,0.5684166841426453,False,Willie Green,0.8636056111789607,True
2008,ATL,WAS,Josh Smith,Josh Smith,0.6770790958812236,True,Josh Smith,1.0,True
2008,POR,HOU,Martell Webster,Taurean Green,0.5337438154634089,False,Raef LaFrentz,0.7348208219009942,False
2008,CLE,CHA,Devin Brown,Devin Brown,0.6291621615440556,True,Devin Brown,1.0,True
2008,WAS,NYK,Oleksiy Pecherov,Oleksiy Pecherov,0.6238540212930375,True,Oleksiy Pecherov,1.0,True
2008,PHO,TOR,Grant Hill,Grant Hill,0.6114187955308181,True,Grant Hill,1.0,True
2008,PHO,GSW,Gordan Giricek,Grant Hill,0.5506293731140175,False,Gordan Giricek,1.0,True
2008,UTA,WAS,Paul Millsap,Paul Millsap,0.6855308091054709,True,Paul Millsap,1.0,True
2008,SAS,ATL,Tony Parker,Tony Parker,0.7082585114985956,True,Tony Parker,1.0,True
2008,MEM,LAL,Rudy Gay,Rudy Gay,0.5457087094506792,True,Rudy Gay,1.0,True
2008,MIA,MIL,Joel Anthony,Marcus Banks,0.48818816673648047,False,Mark Blount,0.5629927385380648,False
2008,CHI,BOS,Kirk Hinrich,Kirk Hinrich,0.5748582963175132,True,Kirk Hinrich,0.6666660458284448,True
2008,TOR,HOU,Chris Bosh,Chris Bosh,0.6475586645360321,True,Chris Bosh,1.0,True
2008,SAC,LAL,Beno Udrih,Justin Williams,0.4594136427637867,False,Orien Greene,0.5302834530308898,False
2008,MIN,CHI,Randy Foye,Ryan Gomes,0.5400633101565139,False,Randy Foye,1.0,True
2008,IND,MIL,Mike Dunleavy,Ike Diogu,0.5323967184915078,False,Stephen Graham,0.3464068204159503,False
2008,HOU,CHA,Tracy McGrady,Steve Francis,0.5724696510366201,False,Justin Williams,0.5849673093543581,False
2008,CLE,PHI,Anderson Varejao,Anderson Varejao,0.6698881728747043,True,Anderson Varejao,1.0,True
2008,MIA,MEM,Joel Anthony,Joel Anthony,0.6309437075644089,True,Joel Anthony,1.0,True
2008,MEM,SAS,Juan Carlos Navarro,Juan Carlos Navarro,0.6512341536227376,True,Juan Carlos Navarro,0.9999988134400107,True
2008,PHO,DEN,Boris Diaw,Boris Diaw,0.6300794082261238,True,Boris Diaw,1.0,True
2008,MIA,CHI,Jason Williams,Blake Ahearn,0.5726281347042288,False,Chris Quinn,0.5250388257130341,False
2008,MIN,POR,Rashad McCants,Rashad McCants,0.6470084098048354,True,Rashad McCants,1.0,True
2008,MIA,MIL,Daequan Cook,Mark Blount,0.5210304622728777,False,Anfernee Hardaway,0.7488043565517425,False
2008,SAC,LAC,Francisco Garcia,Shelden Williams,0.5167061389523319,False,Kevin Martin,0.6971502376255476,False
2008,GSW,WAS,Baron Davis,Kosta Perovic,0.5319878348822396,False,Didier Ilunga-Mbenga,0.618973110285842,False
2008,MIL,PHI,Michael Redd,Charlie Villanueva,0.5420596044322887,False,Michael Redd,0.9999994608495435,True
2008,SAS,SAC,Michael Finley,DerMarr Johnson,0.5916295258135136,False,Michael Finley,0.8990665106149967,True
2008,SAS,SAC,Ime Udoka,Ime Udoka,0.5918963867171795,True,Ime Udoka,0.8151594315788563,True
2008,GSW,ORL,Monta Ellis,Monta Ellis,0.6349766952736515,True,Monta Ellis,0.9999999177111766,True
2008,MIN,MIA,Corey Brewer,Corey Brewer,0.7639283302442962,True,Corey Brewer,1.0,True
2008,DAL,DEN,Jason Terry,Jason Terry,0.6397073317302673,True,Jason Terry,1.0,True
2008,TOR,PHI,Anthony Parker,Jose Calderon,0.5194157601862878,False,Kris Humphries,0.38543810942132073,False
2008,MIN,MEM,Rashad McCants,Rashad McCants,0.7026189522238425,True,Rashad McCants,1.0,True
2008,CLE,ATL,Sasha Pavlovic,Sasha Pavlovic,0.6979724154526618,True,Sasha Pavlovic,0.9999971413244999,True
2008,PHO,NJN,Steve Nash,Linton Johnson,0.5983260040703638,False,Steve Nash,0.999997878401433,True
2008,MEM,POR,Kyle Lowry,Kyle Lowry,0.5751499654942944,True,Kyle Lowry,1.0,True
2008,DET,MIA,Antonio McDyess,Antonio McDyess,0.5804803431410411,True,Antonio McDyess,1.0,True
2008,TOR,NJN,Rasho Nesterovic,Juan Dixon,0.5411780206200827,False,Primoz Brezec,1.0,False
2008,ORL,LAL,Keith Bogans,Keith Bogans,0.6270327356421673,True,Keith Bogans,1.0,True
2008,SAC,DAL,Francisco Garcia,Orien Greene,0.5136873197669645,False,Justin Williams,0.5759368476827788,False
2008,GSW,POR,Kelenna Azubuike,Kelenna Azubuike,0.6614361340206907,True,Kelenna Azubuike,0.9999991185150119,True
2008,SAS,UTA,Bruce Bowen,Damon Stoudamire,0.5481600895694118,False,Bobby Jones,0.7995895512902828,False
2008,TOR,NYK,Jason Kapono,Jason Kapono,0.609747330287327,True,Jason Kapono,1.0,True
2008,ORL,MIL,Carlos Arroyo,Carlos Arroyo,0.5638097286474738,True,Carlos Arroyo,0.9999986070225544,True
2008,MEM,DEN,Mike Miller,Damon Stoudamire,0.5502375524314559,False,Mike Conley,0.3663130819941513,False
2008,IND,MIL,Travis Diener,Stephen Graham,0.48030212922595256,False,Travis Diener,0.5273540127868888,True
2008,MIA,NJN,Jason Williams,Joel Anthony,0.4789354758513182,False,Dorell Wright,0.5947417218497488,False
2008,DET,CHA,Antonio McDyess,Ronald Murray,0.6073991627169748,False,Walter Herrmann,1.0,False
2008,POR,GSW,Steve Blake,Von Wafer,0.5707663852740279,False,Steve Blake,0.888131244778084,True
2008,ATL,NYK,Josh Smith,Josh Smith,0.5982329886001387,True,Josh Smith,0.9999987987446252,True
2008,LAC,IND,Tim Thomas,Josh Powell,0.5038320388020181,False,Tim Thomas,0.6939207964538372,True
2008,BOS,TOR,Eddie House,Eddie House,0.6604261384727702,True,Eddie House,0.9999996461784249,True
2008,UTA,LAL,Jason Hart,Jason Hart,0.5695405346827846,True,Jason Hart,0.6666666666666666,True
2008,SAS,NOH,Francisco Elson,Damon Stoudamire,0.5268977520739689,False,Darius Washington,1.0,False
2008,LAL,ATL,Kobe Bryant,Luke Walton,0.5910371021041029,False,Chris Mihm,0.5604756333628435,False
2008,LAC,NOH,Chris Kaman,Chris Kaman,0.5895015967043482,True,Chris Kaman,1.0,True
2008,GSW,DAL,Monta Ellis,Monta Ellis,0.6760737549386058,True,Monta Ellis,1.0,True
2008,SAS,IND,Fabricio Oberto,Fabricio Oberto,0.6564286117072641,True,Fabricio Oberto,1.0,True
2008,MIA,CHI,Kasib Powell,Kasib Powell,0.7015841521886077,True,Kasib Powell,0.8,True
2008,ATL,NYK,Mike Bibby,Acie Law,0.52136425395742,False,Jeremy Richardson,0.7514291408301965,False
2008,IND,NYK,Mike Dunleavy,Mike Dunleavy,0.70820436238951,True,Mike Dunleavy,1.0,True
2008,POR,BOS,Steve Blake,Travis Outlaw,0.6315827817093383,False,Steve Blake,1.0,True
2008,DAL,GSW,Josh Howard,Jason Terry,0.5232352862126833,False,Malik Allen,0.6496989335512501,False
2008,DET,LAL,Arron Afflalo,Arron Afflalo,0.6373985637581157,True,Walter Herrmann,1.0,False
2008,POR,MIN,Steve Blake,Steve Blake,0.6983827191169125,True,Steve Blake,1.0,True
2008,CHI,MIL,Andres Nocioni,Andres Nocioni,0.6885126077490169,True,Andres Nocioni,0.9999997405530369,True
2008,DET,POR,Rasheed Wallace,Rasheed Wallace,0.707187427197356,True,Rasheed Wallace,0.9999970903673616,True
2008,HOU,MIN,Tracy McGrady,Tracy McGrady,0.6426002493967319,True,Tracy McGrady,0.9999997426661891,True
2008,MIN,LAC,Marko Jaric,Marko Jaric,0.7258648279891462,True,Marko Jaric,1.0,True
2008,UTA,MIN,Carlos Boozer,Carlos Boozer,0.6752757636867623,True,Carlos Boozer,1.0,True
2008,SAC,MEM,Mikki Moore,Mikki Moore,0.5344989209635175,True,Mikki Moore,1.0,True
2008,MIN,LAL,Michael Doleac,Michael Doleac,0.7458343774802255,True,Michael Doleac,0.9999998206296671,True
2008,MEM,SEA,Pau Gasol,Pau Gasol,0.6057770513627174,True,Pau Gasol,0.9999997177209594,True
2009,ATL,NJN,Acie Law,Acie Law,0.6353177212139138,True,Randolph Morris,1.0,False
2009,MEM,NOH,Greg Buckner,Greg Buckner,0.6388225535582873,True,Greg Buckner,0.9999999360555815,True
2009,LAL,MIL,Chris Mihm,Derek Fisher,0.4642663061602241,False,Chris Mihm,0.7973641635875038,True
2009,TOR,NJN,Jason Kapono,Jason Kapono,0.6140670163344019,True,Jason Kapono,0.9999997614345281,True
2009,DEN,ORL,Nene Hilario,Chris Andersen,0.4507028755845522,False,Nene Hilario,0.0,True
2009,UTA,LAC,Andrei Kirilenko,Andrei Kirilenko,0.6294097795612588,True,Andrei Kirilenko,0.9999991963179249,True
2009,ORL,ATL,Rashard Lewis,Rashard Lewis,0.5624572039494415,True,Rashard Lewis,0.9999994937476591,True
2009,DET,NYK,Amir Johnson,Walter Herrmann,0.5365450377195995,False,Kwame Brown,0.7453922021221763,False
2009,GSW,NOH,Corey Maggette,Marco Belinelli,0.5973171603504467,False,Brandan Wright,0.785102011045279,False
2009,CHI,MIL,Luol Deng,Luol Deng,0.5069463261508989,True,Demetris Nichols,0.5786784145221322,False
2009,ATL,WAS,Maurice Evans,Maurice Evans,0.5970634866390286,True,Maurice Evans,1.0,True
2009,MIA,IND,Chris Quinn,Michael Beasley,0.5000620337490171,False,Dorell Wright,1.0,False
2009,CLE,UTA,Zydrunas Ilgauskas,Joe Smith,0.5035532530063366,False,Tarence Kinsey,0.2980464491454693,False
2009,DAL,OKC,James Singleton,James Singleton,0.7276374123968654,True,James Singleton,1.0,True
2009,PHI,CHI,Royal Ivey,Royal Ivey,0.6296322293039107,True,Royal Ivey,1.0,True
2009,CHI,PHO,Joakim Noah,Joakim Noah,0.5701179319293318,True,Joakim Noah,1.0,True
2009,CHI,ATL,Andres Nocioni,Andres Nocioni,0.6721368761846653,True,Andres Nocioni,0.9999996897765402,True
2009,TOR,HOU,Jake Voskuhl,Shawn Marion,0.5584065930113311,False,Jake Voskuhl,1.0,True
2009,LAL,UTA,Luke Walton,Jordan Farmar,0.6483369652010953,False,Josh Powell,1.0,False
2009,LAL,NYK,Josh Powell,Josh Powell,0.6133596179086745,True,Josh Powell,1.0,True
2009,WAS,CHI,Dominic McGuire,Dominic McGuire,0.6532218354961806,True,Dominic McGuire,1.0,True
2009,MIL,UTA,Luke Ridnour,Luke Ridnour,0.6138830780060276,True,Luke Ridnour,1.0,True
2009,POR,MIA,Travis Outlaw,Travis Outlaw,0.6204840957399217,True,Travis Outlaw,1.0,True
2009,DAL,HOU,Jason Kidd,Jerry Stackhouse,0.5393107882371202,False,James Singleton,1.0,False
2009,DET,MIA,Rodney Stuckey,Chauncey Billups,0.48759710079224716,False,Alex Acker,0.5308216826656733,False
2009,IND,DET,Brandon Rush,Stephen Graham,0.5274320294620568,False,Brandon Rush,0.5721911818895741,True
2009,CHI,TOR,Ben Gordon,Ben Gordon,0.49442999662170384,True,Aaron Gray,1.0,False
2009,SAS,ORL,Matt Bonner,George Hill,0.525025432114073,False,Jacque Vaughn,0.3845817648212161,False
2009,MIA,SAC,Joel Anthony,Jamaal Magloire,0.4861776953690875,False,Luther Head,0.19081031405740145,False
2009,ATL,DET,Josh Smith,Speedy Claxton,0.5674000873460977,False,Mario West,0.6587965035004466,False
2009,ORL,LAL,Hedo Turkoglu,Hedo Turkoglu,0.6820830129315318,True,Brian Cook,1.0,False
2009,NYK,ATL,Chris Duhon,Chris Duhon,0.6172943592483728,True,Chris Duhon,0.9999994670045389,True
2009,ORL,WAS,Mickael Pietrus,Mickael Pietrus,0.5885655025970489,True,Mickael Pietrus,1.0,True
2009,PHO,MIA,Raja Bell,Goran Dragic,0.45308457614109554,False,Sean Singletary,0.39307122089365276,False
2009,DAL,NJN,Dirk Nowitzki,Dirk Nowitzki,0.6068101717472427,True,Dirk Nowitzki,0.9999965381309627,True
2009,HOU,GSW,Von Wafer,Von Wafer,0.4796301212685173,True,Chuck Hayes,0.7995681980520083,False
2009,MIN,LAC,Mark Madsen,Corey Brewer,0.5205364288429047,False,Craig Smith,0.3974406033207142,False
2009,GSW,OKC,Jamal Crawford,Marcus Williams,0.5676127482755825,False,Marco Belinelli,0.29267370948687,False
2009,CLE,IND,Mo Williams,Mo Williams,0.5985842618592305,True,Mo Williams,1.0,True
2009,MIL,NJN,Michael Redd,Dan Gadzuric,0.5389163458231233,False,Malik Allen,0.7709448374491942,False
2009,BOS,NJN,Tony Allen,Brian Scalabrine,0.5278568954533925,False,Brian Scalabrine,0.6410730474200415,False
2009,DEN,SAC,Dahntay Jones,Cheikh Samb,0.5234271358419879,False,Chris Andersen,0.7980028175190204,False
2009,DEN,OKC,Linas Kleiza,Allen Iverson,0.6098737616363504,False,Linas Kleiza,0.9999982456042059,True
2009,MEM,HOU,Quinton Ross,Quinton Ross,0.6259392041132563,True,Quinton Ross,0.9999995878778672,True
2009,CHI,MIL,Drew Gooden,Joakim Noah,0.5158768148807984,False,Cedric Simmons,0.3639710635055998,False
2009,SAS,PHI,Roger Mason,Roger Mason,0.6727664105042079,True,Jacque Vaughn,1.0,False
2009,MIA,TOR,Shawn Marion,Shawn Marion,0.7427070765513665,True,Shawn Marion,1.0,True
2009,DAL,LAC,Dirk Nowitzki,Dirk Nowitzki,0.6362747053049488,True,Dirk Nowitzki,1.0,True
2009,IND,MIL,Mike Dunleavy,Jarrett Jack,0.6032597842813651,False,Jarrett Jack,1.0,False
2009,MIA,PHI,Udonis Haslem,Shaun Livingston,0.5986839282858462,False,Marcus Banks,1.0,False
2009,POR,ATL,Travis Outlaw,Travis Outlaw,0.693424319609926,True,Travis Outlaw,1.0,True
2009,ATL,DAL,Ronald Murray,Ronald Murray,0.6004812817783414,True,Randolph Morris,1.0,False
2009,ORL,DAL,Courtney Lee,Courtney Lee,0.606850465018449,True,Courtney Lee,0.9999977907114991,True
2009,GSW,WAS,Andris Biedrins,Andris Biedrins,0.5988288993936838,True,Andris Biedrins,1.0,True
2009,LAL,UTA,Jordan Farmar,Jordan Farmar,0.669359854977572,True,Jordan Farmar,0.9999998100365388,True
2009,DEN,TOR,Anthony Carter,Anthony Carter,0.5879909880832799,True,Anthony Carter,1.0,True
2009,MEM,DEN,Marc Gasol,Marko Jaric,0.5022963720806417,False,Darrell Arthur,0.6981955697169445,False
2009,MIN,TOR,Rodney Carney,Rodney Carney,0.6541196113763929,True,Rodney Carney,0.9999977771722071,True
2009,BOS,PHI,Ray Allen,Patrick O'Bryant,0.584195330344643,False,Mikki Moore,0.7921126216110709,False
2009,IND,CHA,T.J. Ford,T.J. Ford,0.582171227026872,True,T.J. Ford,0.9999985505217412,True
2009,DET,SAC,Arron Afflalo,Arron Afflalo,0.5100733861173236,True,Jason Maxiell,0.7651792275945499,False
2009,LAC,PHO,Eric Gordon,Alex Acker,0.48959138729461293,False,Baron Davis,0.15274847518752097,False
2009,DAL,PHO,Josh Howard,Josh Howard,0.6577775056869902,True,Josh Howard,1.0,True
2009,PHO,SAC,Shaquille O'Neal,Shaquille O'Neal,0.6785779896672388,True,Shaquille O'Neal,0.9999996756482457,True
2009,MIN,MIL,Kevin Love,Kevin Love,0.6017516545669733,True,Kevin Love,1.0,True
2009,NYK,MIN,Chris Duhon,Chris Duhon,0.5377799183083318,True,Chris Duhon,1.0,True
2009,SAC,DAL,John Salmons,John Salmons,0.6021376238178631,True,John Salmons,0.9999988055141468,True
2009,GSW,TOR,Ronny Turiaf,Ronny Turiaf,0.6686368537339351,True,Ronny Turiaf,0.9999974986954804,True
2009,UTA,DET,Ronnie Price,Paul Millsap,0.5241035075359248,False,Ronnie Price,1.0,True
2009,PHI,ORL,Elton Brand,Elton Brand,0.5381227798156943,True,Elton Brand,0.6666665861607319,True
2009,DAL,GSW,Erick Dampier,Brandon Bass,0.5431389256465569,False,Erick Dampier,0.9153264817408452,True
2009,MIN,MIL,Randy Foye,Randy Foye,0.7220148620528062,True,Randy Foye,1.0,True
2009,GSW,UTA,Anthony Morrow,Al Harrington,0.5619895077436737,False,Ronny Turiaf,1.0,False
2009,MIL,POR,Keith Bogans,Keith Bogans,0.6538348424533933,True,Keith Bogans,1.0,True
2009,ATL,MIN,Ronald Murray,Ronald Murray,0.5486840314272231,True,Ronald Murray,1.0,True
2009,WAS,SAS,Dominic McGuire,DeShawn Stevenson,0.5119201132934819,False,Brendan Haywood,0.15447919864098708,False
2009,CHI,MIN,Thabo Sefolosha,Thabo Sefolosha,0.5928419358282639,True,Thabo Sefolosha,1.0,True
2009,UTA,CHA,Ronnie Brewer,Morris Almond,0.408149184690112,False,Ronnie Brewer,0.0,True
2009,ORL,HOU,Anthony Johnson,Hedo Turkoglu,0.5282604518521495,False,Tyronn Lue,0.8097302183573774,False
2009,OKC,NYK,Russell Westbrook,D.J. White,0.5350819387107725,False,Johan Petro,0.36376093294752054,False
2009,OKC,POR,Nick Collison,Nick Collison,0.5253000584940385,True,Johan Petro,0.5894913403172812,False
2009,OKC,HOU,Nick Collison,Nick Collison,0.7336464184837479,True,Nick Collison,1.0,True
2009,UTA,OKC,Matt Harpring,Matt Harpring,0.5423833463919664,True,Matt Harpring,1.0,True
2009,LAC,GSW,Steve Novak,Steve Novak,0.6352172168037458,True,Steve Novak,1.0,True
2009,PHI,MIL,Thaddeus Young,Royal Ivey,0.5248038452388232,False,Theo Ratliff,0.7950265264868147,False
2009,SAS,UTA,Matt Bonner,Matt Bonner,0.6265935959299656,True,Matt Bonner,0.9999997502547445,True
2009,MIA,UTA,Dwyane Wade,Yakhouba Diawara,0.5684919951986681,False,Marcus Banks,0.5790053292871985,False
2009,CLE,NOH,Ben Wallace,Jawad Williams,0.46797506018142343,False,Ben Wallace,0.0,True
2009,TOR,BOS,Roko Ukic,Roko Ukic,0.5868013162060495,True,Roko Ukic,1.0,True
2009,PHO,PHI,Matt Barnes,Matt Barnes,0.650677755117409,True,Matt Barnes,1.0,True
2009,SAC,MIN,Mikki Moore,Mikki Moore,0.6046610483893862,True,Ike Diogu,1.0,False
2009,ATL,LAC,Josh Smith,Josh Smith,0.6091348422282394,True,Josh Smith,1.0,True
2009,ORL,PHO,Anthony Johnson,Adonal Foyle,0.5268859306138188,False,Tyronn Lue,0.5601335957095696,False
2009,DEN,NYK,J.R. Smith,J.R. Smith,0.6008239113150183,True,Renaldo Balkman,1.0,False
2009,IND,WAS,Rasho Nesterovic,Rasho Nesterovic,0.5492886950516309,True,Brandon Rush,0.7477791149196976,False
2009,LAC,MIN,Ricky Davis,Ricky Davis,0.5639339529853571,True,Ricky Davis,1.0,True
2009,ORL,PHO,Hedo Turkoglu,Hedo Turkoglu,0.6250411911294251,True,Marcin Gortat,0.9150843534754312,False
2009,MIA,TOR,Daequan Cook,Daequan Cook,0.6973483599744948,True,Chris Quinn,1.0,False
2009,PHO,POR,Raja Bell,Alando Tucker,0.44674581950511266,False,Raja Bell,0.0,True
2009,ATL,ORL,Joe Johnson,Mario West,0.5110249119537679,False,Randolph Morris,0.3374991356928966,False
2010,GSW,UTA,Monta Ellis,Monta Ellis,0.5748245472371794,True,Monta Ellis,1.0,True
2010,BOS,CHA,Kevin Garnett,Kevin Garnett,0.6117270552927826,True,Kevin Garnett,1.0,True
2010,LAL,MEM,Metta World Peace,Metta World Peace,0.5938605311707661,True,Metta World Peace,1.0,True
2010,MEM,DEN,Zach Randolph,Marcus Williams,0.5295216834127069,False,Hamed Haddadi,0.4001134055729567,False
2010,MIA,PHI,Mario Chalmers,Mario Chalmers,0.6643088559328971,True,Mario Chalmers,1.0,True
2010,PHO,MEM,Steve Nash,Alando Tucker,0.5578709018889667,False,Jarron Collins,0.5403430627573534,False
2010,HOU,MIA,David Andersen,Jordan Hill,0.589382562528273,False,Mike Harris,1.0,False
2010,MIL,DEN,Brandon Jennings,Dan Gadzuric,0.5798623402476712,False,Brandon Jennings,0.9999985324449352,True
2010,IND,BOS,Earl Watson,Earl Watson,0.6069083475205194,True,Earl Watson,1.0,True
2010,UTA,MIL,Wesley Matthews,Wesley Matthews,0.5599634855856404,True,Wesley Matthews,1.0,True
2010,PHO,LAL,Lou Amundson,Robin Lopez,0.6358758290939452,False,Goran Dragic,1.0,False
2010,OKC,HOU,Jeff Green,Kevin Ollie,0.5128931400712865,False,Kyle Weaver,1.0,False
2010,DAL,GSW,Jason Terry,Drew Gooden,0.5131769356578908,False,Kris Humphries,0.6045986607005891,False
2010,IND,MIN,Mike Dunleavy,Mike Dunleavy,0.5781431571751887,True,Mike Dunleavy,1.0,True
2010,ATL,LAL,Jason Collins,Marvin Williams,0.5918343025333832,False,Jason Collins,1.0,True
2010,LAC,MIN,Eric Gordon,Eric Gordon,0.604012118369025,True,Eric Gordon,1.0,True
2010,CHI,NJN,Jannero Pargo,Jannero Pargo,0.7265651679333638,True,Jannero Pargo,1.0,True
2010,TOR,ORL,Chris Bosh,Chris Bosh,0.6557392051556279,True,Chris Bosh,1.0,True
2010,PHO,HOU,Channing Frye,Steve Nash,0.5396970585622156,False,Channing Frye,1.0,True
2010,DEN,MIL,J.R. Smith,J.R. Smith,0.5495318955688029,True,J.R. Smith,0.9999983373870867,True
2010,DEN,LAL,Nene Hilario,Nene Hilario,0.7369198848172419,True,Nene Hilario,1.0,True
2010,UTA,SAS,Deron Williams,Ronnie Price,0.502775442093728,False,Ronnie Price,0.17548825087503672,False
2010,HOU,TOR,Aaron Brooks,Aaron Brooks,0.6129920507534513,True,Aaron Brooks,0.9999995761024524,True
2010,HOU,PHO,Trevor Ariza,Trevor Ariza,0.6190410559496461,True,Trevor Ariza,0.9999951989410568,True
2010,MEM,PHO,Zach Randolph,Ronnie Brewer,0.5053018370789154,False,Jamaal Tinsley,0.34794070041107505,False
2010,TOR,CHA,Antoine Wright,Pops Mensah-Bonsu,0.5466224492076655,False,Patrick O'Bryant,0.5754069038168383,False
2010,LAC,SAC,Steve Blake,Bobby Brown,0.5284893088351956,False,Mardy Collins,0.6936425080993808,False
2010,PHI,BOS,Willie Green,Willie Green,0.5984586608023211,True,Willie Green,0.9999993629324528,True
2010,HOU,GSW,Shane Battier,Joey Dorsey,0.5458369664443553,False,Luis Scola,0.8209019729650562,False
2010,PHI,POR,Elton Brand,Royal Ivey,0.5393019660603333,False,Royal Ivey,0.7929869066304156,False
2010,CLE,TOR,Zydrunas Ilgauskas,Mo Williams,0.5602348930749402,False,Danny Green,0.38137445572355394,False
2010,MIN,SAC,Jonny Flynn,Jonny Flynn,0.7447331777582707,True,Jonny Flynn,1.0,True
2010,DAL,SAS,Drew Gooden,Drew Gooden,0.7411872094886083,True,Drew Gooden,1.0,True
2010,SAC,POR,Andres Nocioni,Jon Brockman,0.5251399446719581,False,Kenny Thomas,1.0,False
2010,PHI,HOU,Thaddeus Young,Thaddeus Young,0.6440471742621863,True,Thaddeus Young,0.9999994119791044,True
2010,SAC,PHO,Sergio Rodriguez,Andres Nocioni,0.5624718672635268,False,Kevin Martin,0.779475386934751,False
2010,LAC,CHI,Marcus Camby,Brian Skinner,0.45680487472171416,False,Marcus Camby,1.0,True
2010,IND,CHA,Troy Murphy,Earl Watson,0.5533554346467215,False,Troy Murphy,0.881008145408633,True
2010,DET,NOH,Jason Maxiell,Ben Gordon,0.5737623047168715,False,Jason Maxiell,1.0,True
2010,MIN,DEN,Corey Brewer,Corey Brewer,0.6551854186324685,True,Corey Brewer,0.9999998622351379,True
2010,LAC,WAS,Eric Gordon,Travis Outlaw,0.47483944119931204,False,Eric Gordon,0.4999992787372619,True
2010,LAC,IND,Eric Gordon,Eric Gordon,0.6995144424199167,True,Brian Skinner,1.0,False
2010,UTA,MIN,Deron Williams,Deron Williams,0.6166767344374268,True,Deron Williams,0.9999993312510888,True
2010,MEM,WAS,Jamaal Tinsley,Jamaal Tinsley,0.5595885015489783,True,Jamaal Tinsley,1.0,True
2010,OKC,MEM,Jeff Green,Jeff Green,0.6420632139461785,True,D.J. White,1.0,False
2010,MEM,SAS,Zach Randolph,Zach Randolph,0.6386613681682333,True,Zach Randolph,1.0,True
2010,DEN,TOR,Nene Hilario,Nene Hilario,0.5620263265704589,True,Nene Hilario,1.0,True
2010,NYK,MIN,Wilson Chandler,Wilson Chandler,0.7009728465567087,True,Tracy McGrady,1.0,False
2010,ATL,CHI,Maurice Evans,Marvin Williams,0.5153191440781552,False,Marvin Williams,0.82832880203492,False
2010,SAC,HOU,Andres Nocioni,Sergio Rodriguez,0.5499558463414026,False,Desmond Mason,0.5916798883987959,False
2010,MIN,CHA,Al Jefferson,Al Jefferson,0.7477603540481828,True,Al Jefferson,1.0,True
2010,LAC,NJN,Ricky Davis,Steve Novak,0.5627490944504757,False,Ricky Davis,1.0,True
2010,DET,WAS,Will Bynum,Will Bynum,0.6420599720073054,True,Will Bynum,1.0,True
2010,DEN,GSW,Ty Lawson,Ty Lawson,0.6163068678759559,True,Ty Lawson,1.0,True
2010,UTA,DEN,Andrei Kirilenko,Eric Maynor,0.5666703493454868,False,Andrei Kirilenko,0.9999985365590299,True
2010,PHI,CHA,Samuel Dalembert,Rodney Carney,0.6553658918476463,False,Samuel Dalembert,1.0,True
2010,OKC,GSW,Kevin Durant,Kevin Durant,0.7031221754196173,True,Kevin Durant,1.0,True
2010,OKC,MIN,Kevin Durant,Kevin Durant,0.7052907875129848,True,Shaun Livingston,1.0,False
2010,ATL,LAL,Marvin Williams,Joe Johnson,0.5761722243824314,False,Joe Smith,0.7299904281921431,False
2010,MIN,NOH,Wayne Ellington,Wayne Ellington,0.6961827889558931,True,Wayne Ellington,1.0,True
2010,OKC,MEM,Etan Thomas,Etan Thomas,0.5926000123792112,True,Etan Thomas,0.999999678545564,True
2010,MIL,WAS,John Salmons,John Salmons,0.5772227698517658,True,John Salmons,1.0,True
2010,POR,OKC,Martell Webster,Martell Webster,0.6711016757095914,True,Martell Webster,1.0,True
2010,ORL,PHO,Jameer Nelson,Jameer Nelson,0.5353941574101919,True,Jameer Nelson,0.9999993225891229,True
2010,CHI,CHA,Derrick Rose,Derrick Rose,0.5034881477570093,True,Derrick Rose,0.9999912293673261,True
2010,CHI,LAC,Jannero Pargo,Joe Alexander,0.5244771304430391,False,Ronald Murray,1.0,False
2010,PHI,MIN,Andre Iguodala,Rodney Carney,0.5004961612164331,False,Jason Smith,0.815769394552437,False
2010,WAS,CLE,Caron Butler,Caron Butler,0.5755170931654005,True,Caron Butler,0.9999994446484676,True
2010,SAC,MIN,Omri Casspi,Omri Casspi,0.6348923167651259,True,Omri Casspi,1.0,True
2010,GSW,DEN,Ronny Turiaf,Ronny Turiaf,0.595474152007377,True,Ronny Turiaf,0.9999960375107897,True
2010,TOR,CHI,Amir Johnson,Reggie Evans,0.5298439002060116,False,Reggie Evans,0.8199966311811769,False
2010,TOR,SAC,Antoine Wright,DeMar DeRozan,0.5681499170846136,False,Marco Belinelli,0.7962253060497251,False
2010,POR,ORL,Martell Webster,Martell Webster,0.583104233999268,True,Martell Webster,1.0,True
2010,MIL,PHO,Andrew Bogut,Darnell Jackson,0.5375242564308713,False,Andrew Bogut,1.0,True
2010,PHO,SAC,Jason Richardson,Taylor Griffin,0.4897499597905113,False,Jared Dudley,0.6280671260862889,False
2010,DEN,TOR,J.R. Smith,J.R. Smith,0.6052361793812534,True,J.R. Smith,1.0,True
2010,BOS,CHA,Nate Robinson,Nate Robinson,0.5963030313721306,True,Nate Robinson,1.0,True
2010,DEN,ATL,Nene Hilario,Chauncey Billups,0.5647407904525747,False,Nene Hilario,1.0,True
2010,MIL,CHI,Ersan Ilyasova,Ersan Ilyasova,0.5988895796516597,True,Ersan Ilyasova,1.0,True
2010,ATL,HOU,Al Horford,Maurice Evans,0.5763330327930085,False,Al Horford,1.0,True
2010,SAC,NOH,Sergio Rodriguez,Spencer Hawes,0.6100672880653191,False,Sergio Rodriguez,0.999999343899559,True
2010,ORL,LAL,J.J. Redick,Vince Carter,0.5072360788737232,False,Jameer Nelson,0.18964637788768904,False
2010,SAS,NJN,Keith Bogans,Keith Bogans,0.6994970493633548,True,Keith Bogans,1.0,True
2010,OKC,SAS,Nick Collison,Nick Collison,0.7176627636657255,True,Nick Collison,1.0,True
2010,DEN,LAC,Chris Andersen,Anthony Carter,0.5120688735794086,False,Chris Andersen,0.4187416663791222,True
2010,CLE,DAL,J.J. Hickson,J.J. Hickson,0.6370314036811338,True,J.J. Hickson,0.9999966739559545,True
2010,IND,MEM,Josh McRoberts,Josh McRoberts,0.6493831566547691,True,Josh McRoberts,1.0,True
2010,MIN,GSW,Oleksiy Pecherov,Corey Brewer,0.515622989148895,False,Brian Cardinal,0.3618303057094469,False
2010,SAS,CHI,Roger Mason,Roger Mason,0.5846300320808123,True,Roger Mason,0.9999992565238486,True
2010,DEN,SAS,Nene Hilario,Renaldo Balkman,0.5344473658701612,False,Malik Allen,1.0,False
2010,LAL,NJN,Shannon Brown,Shannon Brown,0.5729810686342262,True,Shannon Brown,1.0,True
2010,NYK,SAC,Wilson Chandler,Wilson Chandler,0.6121492980530956,True,Wilson Chandler,1.0,True
2010,MEM,NOH,Hamed Haddadi,Hamed Haddadi,0.68206102610375,True,Hamed Haddadi,1.0,True
2010,UTA,NYK,C.J. Miles,C.J. Miles,0.5896298003327831,True,C.J. Miles,0.9999963664261161,True
2010,ORL,PHI,Ryan Anderson,Ryan Anderson,0.6306682966064667,True,Ryan Anderson,1.0,True
2010,IND,LAL,Troy Murphy,Travis Diener,0.5644634132231893,False,Travis Diener,0.7630321694056752,False
2010,PHO,LAC,Goran Dragic,Goran Dragic,0.6084702342822443,True,Goran Dragic,0.9999995139800908,True
2010,LAL,NJN,Kobe Bryant,Kobe Bryant,0.5760263902541003,True,Kobe Bryant,1.0,True
2010,NYK,WAS,Toney Douglas,Toney Douglas,0.5189024091031859,True,Toney Douglas,0.9999986768063309,True
2010,BOS,GSW,Eddie House,Eddie House,0.5761108427889357,True,Eddie House,1.0,True
2011,OKC,NYK,James Harden,Nazr Mohammed,0.4661164949447097,False,D.J. White,0.2199790679667845,False
2011,ORL,PHO,Chris Duhon,Chris Duhon,0.6938429114914123,True,Chris Duhon,1.0,True
2011,POR,CHA,Marcus Camby,Marcus Camby,0.5495349478188022,True,Marcus Camby,1.0,True
2011,MIN,PHI,Lazar Hayward,Lazar Hayward,0.6251202559886986,True,Lazar Hayward,0.9999985782878418,True
2011,WAS,TOR,Gilbert Arenas,Gilbert Arenas,0.7072136115470813,True,Gilbert Arenas,1.0,True
2011,MIN,DET,Corey Brewer,Corey Brewer,0.5857725903514279,True,Corey Brewer,1.0,True
2011,BOS,PHI,Shaquille O'Neal,Avery Bradley,0.4852596659285797,False,Chris Johnson,0.6926922566565465,False
2011,BOS,DAL,Paul Pierce,Luke Harangody,0.5420217439383979,False,Paul Pierce,1.0,True
2011,WAS,ORL,John Wall,John Wall,0.5995920199526477,True,John Wall,0.9999986788852829,True
2011,DEN,HOU,Chris Andersen,Melvin Ely,0.5253764497215809,False,Chris Andersen,0.5342726135228928,True
2011,DEN,POR,Chris Andersen,Chris Andersen,0.6355109449811029,True,Chris Andersen,1.0,True
2011,IND,NOH,Danny Granger,Roy Hibbert,0.577155440859408,False,Danny Granger,0.6671899177641198,True
2011,SAS,LAL,Tim Duncan,Larry Owens,0.5958975802547785,False,Danny Green,0.7204515441270353,False
2011,NYK,PHO,Shawne Williams,Toney Douglas,0.5150363587464676,False,Timofey Mozgov,0.71999047024874,False
2011,DAL,LAC,DeShawn Stevenson,Alexis Ajinca,0.5295708574974243,False,DeShawn Stevenson,1.0,True
2011,MIA,CHI,Mike Bibby,Mike Bibby,0.6081203432532185,True,Mike Bibby,1.0,True
2011,OKC,BOS,Serge Ibaka,Serge Ibaka,0.5127495442915391,True,Serge Ibaka,1.0,True
2011,TOR,OKC,DeMar DeRozan,DeMar DeRozan,0.5881169047264323,True,Sundiata Gaines,0.7954234020984251,False
2011,PHI,CLE,Andres Nocioni,Spencer Hawes,0.5642462251057441,False,Jrue Holiday,0.7718385915980601,False
2011,NYK,PHI,Danilo Gallinari,Roger Mason,0.5084345340008283,False,Derrick Brown,0.19344113156095147,False
2011,NYK,WAS,Toney Douglas,Danilo Gallinari,0.5647541203771078,False,Derrick Brown,0.6148504982715679,False
2011,ORL,ATL,Rashard Lewis,Rashard Lewis,0.5793638557765132,True,Rashard Lewis,0.9999992712370783,True
2011,CHI,PHI,Kurt Thomas,Kurt Thomas,0.682888379106576,True,Kurt Thomas,0.9999997883698126,True
2011,OKC,IND,Serge Ibaka,Serge Ibaka,0.6014035618181828,True,Morris Peterson,1.0,False
2011,UTA,DAL,Earl Watson,Earl Watson,0.5363453952505215,True,Earl Watson,0.9999990531654193,True
2011,MIL,GSW,Brandon Jennings,Brandon Jennings,0.6255287696782117,True,Brandon Jennings,0.9999982425457555,True
2011,TOR,CHA,Jerryd Bayless,Jerryd Bayless,0.5412263632474702,True,Jerryd Bayless,0.9999971499627445,True
2011,ORL,POR,Earl Clark,Mickael Pietrus,0.5339381109031436,False,Mickael Pietrus,1.0,False
2011,GSW,DEN,Dorell Wright,Lou Amundson,0.5261357688487274,False,Lou Amundson,0.3003665147252922,False
2011,MEM,UTA,Zach Randolph,Zach Randolph,0.7113416786367308,True,Zach Randolph,1.0,True
2011,MEM,IND,Sam Young,Hasheem Thabeet,0.5073958706230115,False,Rodney Carney,0.2067545099041744,False
2011,LAL,HOU,Kobe Bryant,Luke Walton,0.4671263715651752,False,Sasha Vujacic,0.6020187355978861,False
2011,OKC,HOU,Kevin Durant,Morris Peterson,0.5522707574715304,False,Royal Ivey,0.7618656211083701,False
2011,MIN,MIA,Darko Milicic,Darko Milicic,0.6283604119162649,True,Darko Milicic,1.0,True
2011,POR,NOH,Dante Cunningham,Marcus Camby,0.5652000536988752,False,Dante Cunningham,0.8925164376715797,True
2011,GSW,PHO,Brandan Wright,Brandan Wright,0.6887967207153012,True,Brandan Wright,1.0,True
2011,CHI,BOS,Luol Deng,Luol Deng,0.7241712421619563,True,Luol Deng,1.0,True
2011,NYK,MIL,Landry Fields,Ronny Turiaf,0.5751348096794939,False,Wilson Chandler,1.0,False
2011,PHO,WAS,Josh Childress,Josh Childress,0.5717858568431712,True,Josh Childress,0.9999978891968452,True
2011,ORL,MIL,J.J. Redick,Marcin Gortat,0.5326383867015453,False,Earl Clark,0.36078744544611685,False
2011,LAL,DEN,Matt Barnes,Sasha Vujacic,0.5520655727629074,False,Pau Gasol,0.794199837113908,False
2011,MIL,LAC,Luc Mbah a Moute,Jon Brockman,0.5361370177290294,False,Earl Barron,0.8112149457687403,False
2011,DEN,TOR,J.R. Smith,Ty Lawson,0.5603453066599559,False,Nene Hilario,1.0,False
2011,PHI,SAS,Evan Turner,Tony Battie,0.4880229480647929,False,Andres Nocioni,0.5284464276192877,False
2011,IND,SAC,A.J. Price,A.J. Price,0.5889718080667106,True,A.J. Price,0.9999995683048819,True
2011,TOR,PHI,Sonny Weems,Sonny Weems,0.666071345314936,True,Sonny Weems,1.0,True
2011,GSW,SAS,Dorell Wright,Dorell Wright,0.6316502383619897,True,Dorell Wright,0.9999987502046382,True
2011,CLE,CHA,Christian Eyenga,Christian Eyenga,0.6690284144892062,True,Christian Eyenga,0.9999997074835111,True
2011,NYK,CHI,Wilson Chandler,Timofey Mozgov,0.5614177379231279,False,Shelden Williams,0.813070827429662,False
2011,TOR,WAS,DeMar DeRozan,DeMar DeRozan,0.5710755601172987,True,DeMar DeRozan,1.0,True
2011,UTA,NOH,Al Jefferson,Al Jefferson,0.6727727560648993,True,Al Jefferson,1.0,True
2011,GSW,PHO,Monta Ellis,Monta Ellis,0.579191755516561,True,Monta Ellis,1.0,True
2011,DET,MIA,Richard Hamilton,Richard Hamilton,0.6111995704256619,True,Richard Hamilton,0.9999989761165832,True
2011,MIN,SAS,Luke Ridnour,Sebastian Telfair,0.5033595164783798,False,Sebastian Telfair,0.5113066266312913,False
2011,UTA,SAC,Earl Watson,Earl Watson,0.5816810553302519,True,Earl Watson,0.9999988720711569,True
2011,MIN,CLE,Kevin Love,Kevin Love,0.7354124327635084,True,Kevin Love,1.0,True
2011,CHI,BOS,Omer Asik,Rasual Butler,0.608079288351309,False,Omer Asik,1.0,True
2011,IND,CHI,Dahntay Jones,Josh McRoberts,0.5172677916216545,False,Danny Granger,0.6752134426040486,False
2011,LAL,BOS,Derek Fisher,Derek Fisher,0.6619855439038157,True,Derek Fisher,1.0,True
2011,OKC,GSW,Serge Ibaka,Jeff Green,0.5065434170668259,False,Royal Ivey,0.5778632757214915,False
2011,DEN,PHO,Nene Hilario,Nene Hilario,0.5686613757126561,True,Nene Hilario,1.0,True
2011,DET,MEM,Chris Wilcox,Charlie Villanueva,0.7054339945697942,False,Richard Hamilton,1.0,False
2011,ATL,MIL,Zaza Pachulia,Zaza Pachulia,0.6922977317168243,True,Zaza Pachulia,1.0,True
2011,NYK,POR,Toney Douglas,Toney Douglas,0.6800482541271005,True,Toney Douglas,1.0,True
2011,DAL,MIN,Ian Mahinmi,Rodrigue Beaubois,0.4465644797201561,False,DeShawn Stevenson,0.5333755164066747,False
2011,IND,NJN,Danny Granger,Danny Granger,0.6895206066442248,True,Danny Granger,1.0,True
2011,WAS,BOS,JaVale McGee,JaVale McGee,0.5920030201601314,True,JaVale McGee,1.0,True
2011,DEN,OKC,Kenyon Martin,Kosta Koufos,0.5071237672692519,False,Melvin Ely,0.8091244482804857,False
2011,POR,UTA,Andre Miller,Andre Miller,0.6111933223706146,True,Andre Miller,1.0,True
2011,ATL,DAL,Jamal Crawford,Jamal Crawford,0.5339301043401371,True,Jamal Crawford,0.9999959603992894,True
2011,DAL,PHO,Jason Kidd,Jason Kidd,0.5955656667396936,True,Jason Kidd,1.0,True
2011,MEM,ATL,Darrell Arthur,Darrell Arthur,0.5060722806958915,True,Darrell Arthur,1.0,True
2011,UTA,GSW,Andrei Kirilenko,Andrei Kirilenko,0.6005419982256711,True,Andrei Kirilenko,1.0,True
2011,CLE,TOR,Antawn Jamison,Antawn Jamison,0.7053968940222362,True,Antawn Jamison,1.0,True
2011,SAS,NYK,Antonio McDyess,Tim Duncan,0.5266205552911852,False,Chris Quinn,0.5901744367075377,False
2011,HOU,LAC,Aaron Brooks,Chuck Hayes,0.568959783110531,False,Hasheem Thabeet,1.0,False
2011,OKC,GSW,Russell Westbrook,Cole Aldrich,0.5740866784563203,False,Nazr Mohammed,0.7633024343081833,False
2011,HOU,ORL,Kevin Martin,Courtney Lee,0.5232441899371404,False,Ish Smith,0.3930701128828346,False
2011,LAL,IND,Derek Fisher,Theo Ratliff,0.5282169754424626,False,Derrick Caracter,0.6087018122108148,False
2011,UTA,NYK,Andrei Kirilenko,Paul Millsap,0.5444450706014948,False,Raja Bell,0.8065653490879227,False
2011,IND,POR,Josh McRoberts,Josh McRoberts,0.6219544140011015,True,Lance Stephenson,0.7266234737398326,False
2011,CLE,IND,Daniel Gibson,Daniel Gibson,0.626818581933045,True,Daniel Gibson,0.9999997155195578,True
2011,CLE,IND,Manny Harris,Manny Harris,0.5778705513295104,True,Manny Harris,1.0,True
2011,MIA,PHI,Eddie House,Eddie House,0.6426675814676532,True,Eddie House,0.9999997460603252,True
2011,MIN,WAS,Darko Milicic,Anthony Tolliver,0.5486935318371603,False,Anthony Tolliver,0.7541582752162284,False
2011,TOR,MIL,Sonny Weems,Joey Dorsey,0.5273929014703487,False,Sonny Weems,0.8060074167551715,True
2011,MEM,NJN,Mike Conley,Mike Conley,0.6684159377584311,True,Mike Conley,1.0,True
2011,MEM,BOS,Tony Allen,Tony Allen,0.6931503797053656,True,Tony Allen,1.0,True
2011,OKC,CLE,Jeff Green,Morris Peterson,0.546547449492077,False,Cole Aldrich,1.0,False
2011,MIL,NOH,Corey Maggette,Corey Maggette,0.6955597053771406,True,Corey Maggette,0.9999999294633973,True
2011,SAS,PHO,Richard Jefferson,Richard Jefferson,0.5879697705749417,True,Richard Jefferson,0.9999976853662957,True
2011,DEN,UTA,Al Harrington,Kosta Koufos,0.5268955684333786,False,Gary Forbes,0.816532980097373,False
2011,DET,UTA,Will Bynum,Will Bynum,0.6356547441816747,True,Will Bynum,1.0,True
2011,SAS,LAC,Richard Jefferson,Larry Owens,0.5240458616106568,False,James Anderson,0.5798690251410414,False
2011,HOU,NOH,Chase Budinger,Shane Battier,0.6043020812373991,False,Chase Budinger,1.0,True
2011,OKC,MEM,Eric Maynor,Eric Maynor,0.5590459126446319,True,Eric Maynor,1.0,True
2011,ATL,WAS,Zaza Pachulia,Zaza Pachulia,0.6270127630990422,True,Zaza Pachulia,0.9999986229247118,True
2011,DEN,LAC,Carmelo Anthony,Kosta Koufos,0.5924830022261693,False,Carmelo Anthony,0.9999993751071974,True
2011,MEM,MIN,Tony Allen,Tony Allen,0.6001341608483197,True,Tony Allen,1.0,True
2011,OKC,DAL,Serge Ibaka,Serge Ibaka,0.5907560018036381,True,Serge Ibaka,1.0,True
2012,PHI,DET,Thaddeus Young,Andres Nocioni,0.5466346479163288,False,Spencer Hawes,0.3240135048694927,False
2012,NYK,POR,Amar'e Stoudemire,Amar'e Stoudemire,0.6210798470993292,True,Amar'e Stoudemire,1.0,True
2012,POR,OKC,Nolan Smith,Jamal Crawford,0.47239840088513274,False,Nolan Smith,0.5,True
2012,LAL,GSW,Ramon Sessions,Andrew Bynum,0.5346362379511982,False,Luke Walton,0.5796620899944008,False
2012,DEN,MIA,Arron Afflalo,Nene Hilario,0.5012389125769239,False,Arron Afflalo,1.0,True
2012,PHO,LAL,Marcin Gortat,Marcin Gortat,0.6182680589827982,True,Marcin Gortat,1.0,True
2012,PHO,CLE,Jared Dudley,Josh Childress,0.5772977925656684,False,Jared Dudley,1.0,True
2012,DEN,GSW,Andre Miller,JaVale McGee,0.5468099155701708,False,JaVale McGee,0.7926188351545087,False
2012,DAL,POR,Vince Carter,Vince Carter,0.5818055742933277,True,Brandan Wright,0.6357838842719793,False
2012,MIA,PHO,Dexter Pittman,Dexter Pittman,0.6353614438086297,True,Dexter Pittman,1.0,True
2012,PHO,SAC,Marcin Gortat,Marcin Gortat,0.7192836092798309,True,Marcin Gortat,1.0,True
2012,MIL,POR,Brandon Jennings,Ersan Ilyasova,0.5732050068456568,False,Brandon Jennings,1.0,True
2012,ORL,IND,Earl Clark,Earl Clark,0.5950193881177139,True,DeAndre Liggins,0.8200973843913061,False
2012,BOS,NYK,Brandon Bass,Brandon Bass,0.8355445181169447,True,Brandon Bass,1.0,True
2012,TOR,WAS,Jerryd Bayless,Jerryd Bayless,0.7023115848102566,True,Jerryd Bayless,0.9999992032647167,True
2012,WAS,CHA,Cartier Martin,Cartier Martin,0.6015476766397226,True,Cartier Martin,1.0,True
2012,WAS,OKC,JaVale McGee,Andray Blatche,0.5007125910226857,False,JaVale McGee,0.5740265811285592,True
2012,NYK,BOS,J.R. Smith,J.R. Smith,0.5368911016499562,True,J.R. Smith,0.9999992566823893,True
2012,BOS,PHO,E'Twaun Moore,JaJuan Johnson,0.5674167062730531,False,E'Twaun Moore,1.0,True
2012,MIL,POR,Brandon Jennings,Larry Sanders,0.4897673287914802,False,Larry Sanders,0.10118797863985846,False
2012,MIA,TOR,Joel Anthony,Joel Anthony,0.5781911505594528,True,Joel Anthony,0.9999994130483782,True
2012,CLE,IND,Semih Erden,Semih Erden,0.6779982772127184,True,Semih Erden,0.9999994193212979,True
2012,WAS,NYK,Jan Vesely,JaVale McGee,0.6082296239131153,False,JaVale McGee,0.9999990917810041,False
2012,CHI,DET,Derrick Rose,Omer Asik,0.5511616369037438,False,Jimmy Butler,0.7403512700513945,False
2012,MIA,ATL,Chris Bosh,Shane Battier,0.54304889777812,False,Juwan Howard,0.7889533309974951,False
2012,LAC,PHO,Kenyon Martin,Kenyon Martin,0.7406105063158185,True,Kenyon Martin,0.9999977907118136,True
2012,SAS,UTA,Matt Bonner,Danny Green,0.5363398447427403,False,T.J. Ford,0.6003105621633015,False
2012,ATL,NYK,Jeff Teague,Jeff Teague,0.6496713865319222,True,Jeff Teague,1.0,True
2012,ATL,MIL,Jerry Stackhouse,Jerry Stackhouse,0.7268371788297548,True,Jerry Stackhouse,1.0,True
2012,WAS,TOR,Shelvin Mack,Morris Almond,0.49085378175658306,False,Morris Almond,0.7041418152173914,False
2012,MIL,NJN,Drew Gooden,Tobias Harris,0.4916821391164384,False,Carlos Delfino,0.38875040812488665,False
2012,POR,DEN,Raymond Felton,Raymond Felton,0.7125940663541666,True,Raymond Felton,1.0,True
2012,PHO,NOH,Jared Dudley,Jared Dudley,0.5212263911638487,True,Jared Dudley,1.0,True
2012,MEM,NOH,Quincy Pondexter,Quincy Pondexter,0.774631711963452,True,Quincy Pondexter,1.0,True
2012,PHI,DEN,Nikola Vucevic,Lou Williams,0.5151982689458444,False,Francisco Elson,0.10976624717271607,False
2012,LAC,SAC,Eric Bledsoe,DeAndre Jordan,0.5272508631866283,False,Eric Bledsoe,1.0,True
2012,TOR,DEN,Andrea Bargnani,Andrea Bargnani,0.5748764161859499,True,Andrea Bargnani,0.999998937040237,True
2012,OKC,BOS,James Harden,James Harden,0.6034691040664609,True,James Harden,0.9999992892414352,True
2012,TOR,GSW,James Johnson,James Johnson,0.5533930757846305,True,Linas Kleiza,0.5743431659396946,False
2012,SAC,NYK,Chuck Hayes,Travis Outlaw,0.5099569183238758,False,Chuck Hayes,0.5,True
2012,GSW,PHI,Ish Smith,Ish Smith,0.7564814033322399,True,Ish Smith,0.9999999415203159,True
2012,IND,ORL,Lance Stephenson,Lance Stephenson,0.5793041588538624,True,Lance Stephenson,1.0,True
2012,TOR,DET,Amir Johnson,Amir Johnson,0.7405024234826442,True,Amir Johnson,1.0,True
2012,NYK,WAS,Mike Bibby,Mike Bibby,0.7199931184395808,True,Mike Bibby,1.0,True
2012,BOS,OKC,Paul Pierce,Marquis Daniels,0.5117842336613555,False,Marquis Daniels,0.9036782440143764,False
2012,CHI,MIL,Carlos Boozer,Jimmy Butler,0.532722006386092,False,John Lucas III,0.34295942675083535,False
2012,CLE,NYK,Anthony Parker,Anthony Parker,0.6404523146137724,True,Lester Hudson,1.0,False
2012,TOR,BOS,Amir Johnson,DeMar DeRozan,0.5326654703199115,False,Jamaal Magloire,0.5475016247674254,False
2012,NYK,CHI,Tyson Chandler,Jeremy Lin,0.4900859128489342,False,Tyson Chandler,0.4999997173762826,True
2012,MIL,WAS,Jon Leuer,Jon Leuer,0.5983953948624897,True,Jon Leuer,0.9999993965322408,True
2012,MIA,BOS,Chris Bosh,Chris Bosh,0.5038078793750792,True,Chris Bosh,1.0,True
2012,DET,PHI,Rodney Stuckey,Rodney Stuckey,0.7588696695971187,True,Rodney Stuckey,1.0,True
2012,CHI,NOH,Joakim Noah,Joakim Noah,0.787302423657767,True,Joakim Noah,0.9999996361871446,True
2012,MIA,MIL,Shane Battier,Shane Battier,0.557686961352245,True,Shane Battier,0.9999982552238977,True
2012,SAS,ATL,DeJuan Blair,Patty Mills,0.55746944854311,False,DeJuan Blair,1.0,True
2012,PHI,ORL,Lavoy Allen,Lavoy Allen,0.6364288748721981,True,Sam Young,1.0,False
2012,HOU,DEN,Patrick Patterson,Jonny Flynn,0.5567010489884736,False,Marcus Camby,0.8214738307530968,False
2012,GSW,ORL,Andris Biedrins,Andris Biedrins,0.5513587939988818,True,Andris Biedrins,0.9999986116328404,True
2012,OKC,LAC,James Harden,Cole Aldrich,0.5251654950989193,False,Daequan Cook,0.1880535797390245,False
2012,MIN,MEM,Nikola Pekovic,Luke Ridnour,0.50471171228445,False,Luke Ridnour,0.7886754663556399,False
2012,UTA,DAL,Paul Millsap,Josh Howard,0.607933570878921,False,Paul Millsap,1.0,True
2012,LAC,UTA,Blake Griffin,DeAndre Jordan,0.5125841392681202,False,Travis Leslie,0.509133823654058,False
2012,PHO,NJN,Jared Dudley,Josh Childress,0.4680508897259054,False,Josh Childress,0.302726747728241,False
2012,TOR,BOS,Justin Dentmon,James Johnson,0.5426323874238485,False,Jose Calderon,0.5950788606930683,False
2012,NYK,WAS,Baron Davis,Jeremy Lin,0.5149581591975497,False,Dan Gadzuric,0.7985409063645017,False
2012,IND,NJN,David West,Jeff Foster,0.48351640801411916,False,Lou Amundson,0.23742635930667313,False
2012,NYK,CLE,Steve Novak,Renaldo Balkman,0.5016424890644454,False,Jerome Jordan,0.589596284272281,False
2012,NYK,CHA,Carmelo Anthony,Carmelo Anthony,0.7747716246522554,True,J.R. Smith,1.0,False
2012,DAL,LAL,Lamar Odom,Brian Cardinal,0.5518067814656964,False,Dominique Jones,0.5881923456737208,False
2012,NYK,NOH,Jared Jeffries,Jared Jeffries,0.7214361658193547,True,Jared Jeffries,1.0,True
2012,LAC,POR,Brian Cook,Brian Cook,0.5382544977600736,True,Brian Cook,0.9999926901349707,True
2012,TOR,NJN,Andrea Bargnani,Linas Kleiza,0.5620960948334103,False,Alan Anderson,0.5871626511449379,False
2012,MIA,PHI,LeBron James,LeBron James,0.6042297886249933,True,LeBron James,1.0,True
2012,LAC,WAS,Randy Foye,Randy Foye,0.6635751881248666,True,Randy Foye,1.0,True
2012,OKC,DET,Serge Ibaka,Serge Ibaka,0.626493393984682,True,Nick Collison,1.0,False
2012,TOR,IND,Andrea Bargnani,Amir Johnson,0.4987313457540079,False,Amir Johnson,0.7267307528857494,False
2012,TOR,NYK,Ed Davis,Ed Davis,0.5616631249054546,True,Ed Davis,1.0,True
2012,PHI,MIA,Thaddeus Young,Thaddeus Young,0.6118540860718565,True,Thaddeus Young,1.0,True
2012,ORL,TOR,Chris Duhon,Larry Hughes,0.5241304866275699,False,DeAndre Liggins,0.39294633816211144,False
2012,MEM,POR,Hamed Haddadi,Hamed Haddadi,0.6554960629075711,True,Hamed Haddadi,1.0,True
2012,CHI,CHA,Richard Hamilton,Richard Hamilton,0.7369118688048979,True,Richard Hamilton,0.9999995797991844,True
2012,ATL,CHI,Josh Smith,Josh Smith,0.590509062558295,True,Josh Smith,1.0,True
2012,SAC,HOU,Tyreke Evans,Tyreke Evans,0.6932357641288056,True,Tyreke Evans,1.0,True
2012,IND,NJN,Danny Granger,Danny Granger,0.6944217049658303,True,Danny Granger,0.9999998313981919,True
2012,GSW,MEM,David Lee,Brandon Rush,0.7320112097621072,False,Brandon Rush,1.0,False
2012,IND,NJN,Paul George,Paul George,0.665617513538373,True,Paul George,1.0,True
2012,OKC,LAC,James Harden,James Harden,0.6115447725193628,True,James Harden,1.0,True
2012,PHI,CHA,Lavoy Allen,Lavoy Allen,0.6349152026808546,True,Lavoy Allen,1.0,True
2012,GSW,DAL,Brandon Rush,David Lee,0.5531057388258822,False,Brandon Rush,0.8493660350961479,True
2012,IND,PHI,Roy Hibbert,Roy Hibbert,0.5798566302284951,True,Roy Hibbert,0.9999997305546324,True
2012,CLE,NYK,Anthony Parker,Anthony Parker,0.5936215196597826,True,Anthony Parker,1.0,True
2012,MIA,TOR,Norris Cole,Norris Cole,0.5395042878888302,True,Norris Cole,1.0,True
2012,CLE,CHA,Kyrie Irving,Kyrie Irving,0.7680785046478477,True,Kyrie Irving,0.9999993731315677,True
2012,SAC,NYK,Marcus Thornton,Marcus Thornton,0.6619731227544966,True,Marcus Thornton,1.0,True
2012,UTA,PHO,Devin Harris,Blake Ahearn,0.6217323813781057,False,Devin Harris,0.9999961038438767,True
2012,GSW,NYK,Kwame Brown,Mickell Gladness,0.5581654485164705,False,Mickell Gladness,0.7923555285455401,False
2012,OKC,BOS,James Harden,James Harden,0.5629317239391867,True,Cole Aldrich,0.554750604093264,False
2012,WAS,PHI,Shelvin Mack,Shelvin Mack,0.5752328850165136,True,Shelvin Mack,1.0,True
2012,CHI,MEM,Derrick Rose,Derrick Rose,0.46676741774154623,True,Brian Scalabrine,0.7825718462931712,False
2012,OKC,LAC,Nazr Mohammed,Nazr Mohammed,0.7588213948354288,True,Nazr Mohammed,1.0,True
2013,GSW,LAL,Klay Thompson,Jeremy Tyler,0.5286593458393689,False,Draymond Green,0.3641195178937247,False
2013,DEN,LAL,JaVale McGee,Andre Iguodala,0.5473713140469362,False,Jordan Hamilton,0.563982464881728,False
2013,HOU,GSW,Omer Asik,Francisco Garcia,0.4781003852621344,False,Patrick Patterson,0.48974785081190453,False
2013,DAL,OKC,O.J. Mayo,O.J. Mayo,0.6317309495403599,True,O.J. Mayo,1.0,True
2013,LAC,CLE,Eric Bledsoe,Chauncey Billups,0.5262356347244428,False,Maalik Wayns,0.5119574588092483,False
2013,NYK,GSW,Tyson Chandler,Tyson Chandler,0.5609654465457595,True,Tyson Chandler,1.0,True
2013,MIA,POR,LeBron James,LeBron James,0.6141111963390532,True,Shane Battier,1.0,False
2013,OKC,TOR,Hasheem Thabeet,Russell Westbrook,0.5025818752563216,False,Nick Collison,0.6068558562190591,False
2013,HOU,MEM,Omer Asik,Cole Aldrich,0.5017112384394236,False,Omer Asik,0.5,True
2013,WAS,TOR,Martell Webster,Martell Webster,0.7945018090254479,True,Martell Webster,1.0,True
2013,MEM,DEN,Zach Randolph,Zach Randolph,0.7371472673564361,True,Darrell Arthur,1.0,False
2013,SAS,LAC,Tony Parker,Patty Mills,0.5288464452420318,False,Matt Bonner,0.17871674667372558,False
2013,UTA,POR,Marvin Williams,DeMarre Carroll,0.5131411839453071,False,Mo Williams,1.0,False
2013,GSW,SAS,Stephen Curry,Andrew Bogut,0.484877031158427,False,Richard Jefferson,0.4340699584028027,False
2013,UTA,OKC,Earl Watson,Jamaal Tinsley,0.6391587250586577,False,Earl Watson,1.0,True
2013,SAC,LAL,Thomas Robinson,James Johnson,0.6826161885975178,False,Thomas Robinson,1.0,True
2013,PHI,LAL,Kwame Brown,Shelvin Mack,0.5274340527244132,False,Kwame Brown,1.0,True
2013,BRK,ORL,C.J. Watson,C.J. Watson,0.5567930065992368,True,C.J. Watson,1.0,True
2013,SAS,DEN,Stephen Jackson,Stephen Jackson,0.5519642360752416,True,Stephen Jackson,0.9999965699899762,True
2013,MEM,PHO,Rudy Gay,Rudy Gay,0.6674356565049427,True,Rudy Gay,1.0,True
2013,LAL,CHA,Metta World Peace,Antawn Jamison,0.5395498677503149,False,Andrew Goudelock,1.0,False
2013,ORL,CHA,Andrew Nicholson,Gustavo Ayon,0.6151830835310585,False,Hedo Turkoglu,1.0,False
2013,DEN,SAS,Evan Fournier,Evan Fournier,0.7282236177828397,True,Evan Fournier,0.9999995475010514,True
2013,ATL,BRK,Zaza Pachulia,Dahntay Jones,0.4754613016018198,False,John Jenkins,0.41132301117597203,False
2013,OKC,DET,Kevin Martin,Hasheem Thabeet,0.46634598395051724,False,Jeremy Lamb,0.7450859668835,False
2013,PHO,SAC,Goran Dragic,Goran Dragic,0.6350494010477372,True,Goran Dragic,1.0,True
2013,OKC,MEM,Eric Maynor,Eric Maynor,0.7323787761525034,True,Eric Maynor,1.0,True
2013,PHO,MEM,Goran Dragic,Goran Dragic,0.6244652287080671,True,Goran Dragic,1.0,True
2013,DAL,NOH,Dirk Nowitzki,Dirk Nowitzki,0.663019795632131,True,Dirk Nowitzki,1.0,True
2013,CLE,WAS,Kyrie Irving,Kyrie Irving,0.6443666906002977,True,Kyrie Irving,1.0,True
2013,MIL,GSW,Brandon Jennings,Ekpe Udoh,0.5358192471171326,False,Doron Lamb,0.5471506167612994,False
2013,BOS,ORL,Jeff Green,Jeff Green,0.593046979692971,True,Jeff Green,1.0,True
2013,BOS,HOU,Brandon Bass,Terrence Williams,0.5402364298618845,False,Jeff Green,0.8114950169260498,False
2013,DAL,BRK,O.J. Mayo,O.J. Mayo,0.6476559180984662,True,O.J. Mayo,1.0,True
2013,MEM,CHA,Zach Randolph,Zach Randolph,0.5451884561960564,True,Josh Selby,0.6625745287865928,False
2013,DEN,OKC,Wilson Chandler,Ty Lawson,0.5318248553629511,False,Ty Lawson,0.7548033572106797,False
2013,DET,ATL,Rodney Stuckey,Rodney Stuckey,0.6186524005292291,True,Corey Maggette,1.0,False
2013,MIA,LAC,Mario Chalmers,Ray Allen,0.5411547794231404,False,Joel Anthony,0.42318790115153154,False
2013,ORL,BOS,Gustavo Ayon,Gustavo Ayon,0.757603130427075,True,Gustavo Ayon,0.999999899967061,True
2013,SAS,DEN,Tony Parker,Stephen Jackson,0.5209958014341101,False,James Anderson,0.5415278124584868,False
2013,WAS,ATL,Kevin Seraphin,Jannero Pargo,0.4722006140825076,False,Jannero Pargo,0.7750284163109625,False
2013,BOS,PHO,Jared Sullinger,Jared Sullinger,0.7801690196197447,True,Jared Sullinger,1.0,True
2013,ATL,BRK,Kyle Korver,Kyle Korver,0.6967613300264385,True,Kyle Korver,1.0,True
2013,CHI,BRK,Marco Belinelli,Vladimir Radmanovic,0.4574013332743592,False,Daequan Cook,0.4973527615027438,False
2013,PHI,NOH,Lavoy Allen,Arnett Moultrie,0.5227315561097557,False,Justin Holiday,0.6607959433460572,False
2013,DEN,DET,Wilson Chandler,Wilson Chandler,0.5037402525476686,True,Quincy Miller,0.6736830814326988,False
2013,BOS,DAL,Rajon Rondo,Rajon Rondo,0.679579181416576,True,Rajon Rondo,1.0,True
2013,POR,LAC,Will Barton,Damian Lillard,0.47001113799823274,False,Sasha Pavlovic,0.455984151443698,False
2013,BOS,WAS,Jeff Green,Jeff Green,0.6146408126367819,True,Jeff Green,1.0,True
2013,PHO,DAL,Jared Dudley,Jared Dudley,0.6526115799024548,True,Jared Dudley,1.0,True
2013,SAC,MIA,Chuck Hayes,Chuck Hayes,0.6660726294984546,True,Chuck Hayes,1.0,True
2013,UTA,DEN,Al Jefferson,Jamaal Tinsley,0.4993045732589359,False,Randy Foye,0.5469035795881445,False
2013,POR,LAL,LaMarcus Aldridge,Ronnie Price,0.468685019825695,False,LaMarcus Aldridge,0.6003120705667288,True
2013,MIA,DET,Udonis Haslem,Chris Andersen,0.5535202742887899,False,Udonis Haslem,0.49999950880633426,True
2013,MIN,POR,J.J. Barea,J.J. Barea,0.5690061490921647,True,Brandon Roy,1.0,False
2013,SAS,IND,Stephen Jackson,Stephen Jackson,0.5877541625724891,True,Stephen Jackson,0.999999463886317,True
2013,PHI,BRK,Spencer Hawes,Spencer Hawes,0.5303543231752763,True,Spencer Hawes,1.0,True
2013,TOR,ORL,Linas Kleiza,Linas Kleiza,0.5847351371010645,True,Linas Kleiza,0.9999961387675591,True
2013,NYK,UTA,Steve Novak,Solomon Jones,0.5641373437277628,False,Tyson Chandler,0.8679960412642024,False
2013,DET,CLE,Jason Maxiell,Corey Maggette,0.5023642263248905,False,Kim English,0.6459527727262457,False
2013,NYK,PHO,Raymond Felton,Ronnie Brewer,0.48282812265850744,False,Kenyon Martin,0.40032395166195767,False
2013,OKC,SAS,Kevin Martin,Kevin Martin,0.4473173500234517,True,Reggie Jackson,0.38805090054202707,False
2013,WAS,DEN,John Wall,John Wall,0.6797163080345134,True,John Wall,1.0,True
2013,NYK,BRK,Carmelo Anthony,Carmelo Anthony,0.6471642809700683,True,Carmelo Anthony,1.0,True
2013,NYK,ORL,Raymond Felton,Solomon Jones,0.5495189963513506,False,Solomon Jones,0.6003083688054884,False
2013,GSW,MEM,Stephen Curry,Stephen Curry,0.6085861775981917,True,Stephen Curry,1.0,True
2013,MIL,GSW,Ekpe Udoh,Brandon Jennings,0.5060388102010617,False,Drew Gooden,0.18160749104982485,False
2013,DAL,HOU,Dirk Nowitzki,Dominique Jones,0.5370053462796825,False,Anthony Morrow,0.5546611441384675,False
2013,SAC,NYK,James Johnson,James Johnson,0.6393418140406688,True,James Johnson,1.0,True
2013,UTA,DET,Alec Burks,Alec Burks,0.6552333021900529,True,Alec Burks,1.0,True
2013,DAL,MIN,O.J. Mayo,Jae Crowder,0.5285994057871393,False,Shawn Marion,0.757268668093083,False
2013,GSW,MEM,Stephen Curry,Stephen Curry,0.54728176205702,True,Stephen Curry,0.75,True
2013,MIA,MIN,Chris Bosh,Chris Bosh,0.6225546024614071,True,Chris Bosh,0.9999996153535399,True
2013,ORL,WAS,Tobias Harris,Nikola Vucevic,0.5096338089079433,False,Nikola Vucevic,0.5864566196299297,False
2013,UTA,MIN,Derrick Favors,Derrick Favors,0.6496612509977848,True,Derrick Favors,1.0,True
2013,LAL,DEN,Dwight Howard,Andrew Goudelock,0.4455297777456155,False,Jordan Hill,0.39224303739470023,False
2013,CHI,CLE,Richard Hamilton,Richard Hamilton,0.6005007449999642,True,Marquis Teague,0.779335373297138,False
2013,DEN,ORL,Andre Miller,Corey Brewer,0.49458290708651975,False,Andre Miller,0.598762479807067,True
2013,IND,NYK,Tyler Hansbrough,Ian Mahinmi,0.48753667040604876,False,Miles Plumlee,0.17806291713093297,False
2013,ORL,TOR,Andrew Nicholson,Andrew Nicholson,0.5966046671038616,True,Andrew Nicholson,1.0,True
2013,MIN,NYK,Ricky Rubio,J.J. Barea,0.5413012240573751,False,Kevin Love,0.7430105837988762,False
2013,BOS,CHA,Courtney Lee,Courtney Lee,0.7544960125979882,True,Courtney Lee,1.0,True
2013,DAL,BOS,Shawn Marion,Dirk Nowitzki,0.49853767753920747,False,Josh Akognon,0.4688191179836966,False
2013,CLE,TOR,Wayne Ellington,Wayne Ellington,0.7575990251533427,True,Wayne Ellington,0.9999992854016775,True
2013,PHI,LAL,Nick Young,Nick Young,0.5660480240021815,True,Nick Young,1.0,True
2013,MEM,DEN,Rudy Gay,Rudy Gay,0.6215313522241668,True,Rudy Gay,1.0,True
2013,DET,MIA,Jason Maxiell,Kim English,0.5076077044037407,False,Rodney Stuckey,0.5504945330107816,False
2013,UTA,NOH,Marvin Williams,Marvin Williams,0.6588923045238415,True,Marvin Williams,0.9999996099887841,True
2013,PHO,LAL,Marcin Gortat,Kendall Marshall,0.5976352544463973,False,Hamed Haddadi,0.8223228481466471,False
2013,DAL,BOS,Darren Collison,Chris Douglas-Roberts,0.5291249598310094,False,Darren Collison,0.9999960070951535,True
2013,IND,POR,Gerald Green,Gerald Green,0.6556896105997115,True,Gerald Green,1.0,True
2013,MIN,POR,Alexey Shved,Derrick Williams,0.5535256753544029,False,Brandon Roy,0.6109485190885244,False
2013,LAC,NOH,Ronny Turiaf,Chris Paul,0.5607193481772343,False,Chris Paul,0.3824156449220638,False
2013,SAS,NYK,Tony Parker,Tony Parker,0.6521752941950352,True,Tony Parker,1.0,True
2013,POR,LAL,Luke Babbitt,Luke Babbitt,0.5918641294432043,True,Luke Babbitt,0.9999994059752538,True
2013,TOR,NOH,DeMar DeRozan,Alan Anderson,0.5248654803943942,False,Alan Anderson,0.6037434867798268,False
2013,GSW,CLE,David Lee,David Lee,0.5966686906106277,True,David Lee,1.0,True
2013,ATL,OKC,Josh Smith,Josh Smith,0.6893572579494065,True,Josh Smith,0.9999996948468847,True
2013,SAS,OKC,Boris Diaw,Boris Diaw,0.5660730483008113,True,Matt Bonner,1.0,False
2013,SAS,GSW,Tony Parker,Tony Parker,0.58624348403576,True,Tony Parker,1.0,True
2014,WAS,MEM,Al Harrington,Al Harrington,0.6470215759270347,True,Al Harrington,0.9999997438759095,True
2014,SAS,DAL,Kawhi Leonard,Othyus Jeffers,0.5326139566763984,False,Boris Diaw,0.614655876501177,False
2014,PHO,ATL,Marcus Morris,Eric Bledsoe,0.47688100553097457,False,Eric Bledsoe,0.7821249305440628,False
2014,IND,NYK,Paul George,Paul George,0.7210526157506888,True,Ian Mahinmi,1.0,False
2014,SAC,BRK,Isaiah Thomas,Rudy Gay,0.4498946101922513,False,Isaiah Thomas,0.3802867742763,True
2014,PHI,MIN,Evan Turner,Tony Wroten,0.46168038044757503,False,Jarvis Varnado,0.5922358443513199,False
2014,OKC,MEM,Kevin Durant,Kevin Durant,0.6378104224940457,True,Andre Roberson,0.7717029424619507,False
2014,CHI,DET,Carlos Boozer,Carlos Boozer,0.7479013277981058,True,Carlos Boozer,0.9999998220823891,True
2014,UTA,CHI,Trey Burke,Trey Burke,0.6407412976791791,True,Trey Burke,0.9999991248146628,True
2014,CHI,NYK,Jimmy Butler,Jimmy Butler,0.6092656965396519,True,Jimmy Butler,0.9999992596039794,True
2014,IND,MIL,C.J. Watson,Luis Scola,0.46686937643925885,False,Luis Scola,0.5609087298211338,False
2014,NOP,DEN,Tyreke Evans,Darius Miller,0.46100197221810313,False,Tyreke Evans,0.8474063098378024,True
2014,MIA,POR,Mario Chalmers,Mario Chalmers,0.6151290068846167,True,Mario Chalmers,1.0,True
2014,DET,BOS,Kyle Singler,Kyle Singler,0.6803880031637604,True,Kyle Singler,1.0,True
2014,SAS,UTA,Tim Duncan,Cory Joseph,0.5613667458440694,False,Tim Duncan,0.999998754593099,True
2014,BRK,TOR,Joe Johnson,Tyshawn Taylor,0.5309595341532858,False,Jorge Gutierrez,0.8412328378413059,False
2014,NOP,SAS,Greg Stiemsma,Melvin Ely,0.5036635383947885,False,Greg Stiemsma,1.0,True
2014,HOU,BOS,Terrence Jones,Terrence Jones,0.5580761365660839,True,Terrence Jones,1.0,True
2014,SAS,CHA,Kawhi Leonard,Jeff Ayres,0.5714459845503422,False,Kawhi Leonard,0.8244441462312516,True
2014,MIA,DET,Mario Chalmers,Joel Anthony,0.5325686277730294,False,Greg Oden,0.5760959465021398,False
2014,DET,PHI,Greg Monroe,Greg Monroe,0.6210680813778244,True,Greg Monroe,1.0,True
2014,DET,NYK,Josh Smith,Josh Smith,0.6422961399036553,True,Brandon Jennings,1.0,False
2014,MEM,OKC,Mike Miller,Mike Miller,0.5735169477697668,True,Mike Miller,0.9999994489848314,True
2014,IND,ORL,Paul George,Paul George,0.6264067493022996,True,Paul George,1.0,True
2014,BRK,NOP,Alan Anderson,Alan Anderson,0.6047518137457337,True,Alan Anderson,1.0,True
2014,IND,GSW,Lance Stephenson,Lavoy Allen,0.5760344126195854,False,Rasual Butler,0.354132443277252,False
2014,LAC,ATL,Glen Davis,Glen Davis,0.5193434779117521,True,Glen Davis,0.9999983119163963,True
2014,LAC,HOU,Byron Mullens,Glen Davis,0.48854001465865643,False,Byron Mullens,1.0,True
2014,WAS,CLE,Marcin Gortat,Marcin Gortat,0.6560365732068619,True,Marcin Gortat,1.0,True
2014,NOP,LAL,Eric Gordon,Arinze Onuaku,0.5259440886973337,False,Darius Miller,0.7300119859168558,False
2014,WAS,SAS,Nene Hilario,Nene Hilario,0.5966683320778537,True,Nene Hilario,0.9999996669568588,True
2014,WAS,OKC,Bradley Beal,Bradley Beal,0.5637291978523075,True,Bradley Beal,0.999999033309063,True
2014,ATL,MEM,Lou Williams,Lou Williams,0.5320882057206159,True,Lou Williams,1.0,True
2014,DET,IND,Kyle Singler,Kyle Singler,0.722092582571897,True,Kyle Singler,0.9999972659362492,True
2014,NOP,ATL,Anthony Davis,Anthony Davis,0.7065718946716747,True,Lou Amundson,1.0,False
2014,DEN,CLE,J.J. Hickson,Jan Vesely,0.5252546380836502,False,J.J. Hickson,0.3462826864114773,True
2014,WAS,CHI,Bradley Beal,Bradley Beal,0.7071941345512927,True,Bradley Beal,1.0,True
2014,CHI,MEM,Taj Gibson,Marquis Teague,0.4691787799771489,False,Kirk Hinrich,0.21870719842299155,False
2014,SAS,OKC,Marco Belinelli,Tiago Splitter,0.4535871560488545,False,Marco Belinelli,0.0,True
2014,TOR,CLE,Kyle Lowry,Kyle Lowry,0.6065931451001059,True,Kyle Lowry,0.9999900484317107,True
2014,NOP,SAS,Al-Farouq Aminu,Al-Farouq Aminu,0.688405954551273,True,Al-Farouq Aminu,1.0,True
2014,LAL,BRK,Jodie Meeks,Jodie Meeks,0.48776660886070355,True,Jodie Meeks,0.4999997557880376,True
2014,LAC,LAL,Glen Davis,Glen Davis,0.5804457626680969,True,Glen Davis,1.0,True
2014,LAC,CHA,Blake Griffin,Blake Griffin,0.6091367020095071,True,Blake Griffin,1.0,True
2014,DAL,MIN,Vince Carter,Brandan Wright,0.5199819310432481,False,Shane Larkin,0.8022847977206542,False
2014,LAC,HOU,Reggie Bullock,Maalik Wayns,0.49760277311801915,False,Hedo Turkoglu,0.38838628394527186,False
2014,TOR,IND,DeMar DeRozan,DeMar DeRozan,0.6779579107678414,True,Tyler Hansbrough,1.0,False
2014,BRK,CHI,Deron Williams,Deron Williams,0.6807641059378352,True,Deron Williams,1.0,True
2014,BRK,TOR,Andray Blatche,Andray Blatche,0.4973137986623422,True,Jason Collins,0.599515131252099,False
2014,IND,DET,Ian Mahinmi,Ian Mahinmi,0.5403466543499441,True,Ian Mahinmi,1.0,True
2014,HOU,MIN,Chandler Parsons,Chandler Parsons,0.5461505014131169,True,Greg Smith,0.7863054964169215,False
2014,WAS,CLE,Marcin Gortat,Marcin Gortat,0.6880661182387692,True,Marcin Gortat,0.8,True
2014,NOP,PHO,Greg Stiemsma,Greg Stiemsma,0.6557504757959716,True,Lou Amundson,1.0,False
2014,HOU,LAC,James Harden,Donatas Motiejunas,0.5040099032462491,False,Jordan Hamilton,0.13837925522237715,False
2014,PHI,OKC,Michael Carter-Williams,Michael Carter-Williams,0.5104866163627533,True,Michael Carter-Williams,1.0,True
2014,GSW,PHO,David Lee,David Lee,0.5649427949685373,True,David Lee,1.0,True
2014,CLE,DEN,Dion Waiters,Seth Curry,0.46200480558877005,False,Carrick Felix,0.19587680198767976,False
2014,NOP,DEN,Ryan Anderson,Josh Childress,0.5761588951419041,False,Darius Miller,0.5613467425458207,False
2014,PHO,SAS,Miles Plumlee,Miles Plumlee,0.6839505139120804,True,Miles Plumlee,1.0,True
2014,CLE,WAS,Tyler Zeller,Arinze Onuaku,0.4943616296495545,False,Henry Sims,0.33396394342722546,False
2014,PHI,DEN,Hollis Thompson,Hollis Thompson,0.5822513259165487,True,Hollis Thompson,0.999998291766389,True
2014,DEN,CLE,Timofey Mozgov,Timofey Mozgov,0.6189257152366698,True,Timofey Mozgov,1.0,True
2014,SAS,IND,Danny Green,Damion James,0.496072720047643,False,Kawhi Leonard,0.6999753792742867,False
2014,PHI,MIL,Evan Turner,Lavoy Allen,0.40306726894647177,False,Lavoy Allen,0.28877822575634365,False
2014,MIN,CLE,Ricky Rubio,Derrick Williams,0.5039349158792424,False,Ricky Rubio,0.5214990253155019,True
2014,DEN,PHO,Evan Fournier,Quincy Miller,0.47754045148103785,False,Darrell Arthur,0.14124150753856882,False
2014,SAS,CHA,Manu Ginobili,Manu Ginobili,0.6443110901622081,True,Manu Ginobili,1.0,True
2014,MEM,DEN,James Johnson,Tayshaun Prince,0.5108177047842082,False,Beno Udrih,0.8088072132997604,False
2014,BRK,SAS,Paul Pierce,Andray Blatche,0.5232298576108461,False,Jason Collins,0.7370349600422809,False
2014,LAC,MEM,DeAndre Jordan,Byron Mullens,0.5873086365868226,False,Darius Morris,0.3640272238920225,False
2014,LAC,PHI,Blake Griffin,Byron Mullens,0.5894992360626734,False,Hedo Turkoglu,0.6768230190445318,False
2014,SAS,OKC,Boris Diaw,Danny Green,0.5149330330598288,False,Matt Bonner,0.784687317454962,False
2014,DET,LAC,Andre Drummond,Tony Mitchell,0.43906951461843235,False,Jonas Jerebko,0.19670900866961785,False
2014,PHO,DEN,Leandro Barbosa,Channing Frye,0.4137628055910983,False,Leandro Barbosa,0.0,True
2014,MIN,UTA,Kevin Martin,Derrick Williams,0.4819153766536589,False,Kevin Martin,0.23795453120438248,True
2014,UTA,PHO,Gordon Hayward,Malcolm Thomas,0.5551951355836766,False,Gordon Hayward,1.0,True
2014,LAC,BRK,DeAndre Jordan,DeAndre Jordan,0.47843348500524585,True,DeAndre Jordan,0.9999957075794308,True
2014,CHI,PHO,Tony Snell,Derrick Rose,0.49863502952172256,False,Tornike Shengelia,0.6064133657672809,False
2014,MIL,HOU,Zaza Pachulia,Ekpe Udoh,0.5774778033067255,False,Zaza Pachulia,1.0,True
2014,SAS,NYK,Tony Parker,Patty Mills,0.5540086938439966,False,Tony Parker,0.6246622058377866,True
2014,NYK,PHI,Iman Shumpert,Iman Shumpert,0.6064972175583164,True,Iman Shumpert,0.9999997366541392,True
2014,MEM,PHO,Mike Conley,Kosta Koufos,0.4704525357840595,False,Darius Morris,0.5829549701736261,False
2014,ORL,NYK,Arron Afflalo,Arron Afflalo,0.6003680875770787,True,Arron Afflalo,0.9999998095367795,True
2014,OKC,SAC,Reggie Jackson,Reggie Jackson,0.5932078234002752,True,Reggie Jackson,1.0,True
2014,CHI,PHI,Nazr Mohammed,Ronnie Brewer,0.5517976470165007,False,Nazr Mohammed,0.34013416367234944,True
2014,IND,MIL,Roy Hibbert,Roy Hibbert,0.6276339696042401,True,Roy Hibbert,1.0,True
2014,CLE,CHI,Earl Clark,Earl Clark,0.5291170406230011,True,Earl Clark,1.0,True
2014,MEM,DEN,Zach Randolph,Zach Randolph,0.6759017751314268,True,Zach Randolph,1.0,True
2014,CHI,PHI,Tony Snell,Kirk Hinrich,0.6441638089236609,False,Tornike Shengelia,0.6092354721262737,False
2014,SAS,MIA,Boris Diaw,Tony Parker,0.49844405147476123,False,Aron Baynes,0.37921387380313665,False
2014,DET,SAS,Rodney Stuckey,Rodney Stuckey,0.6085694473402882,True,Rodney Stuckey,1.0,True
2014,NOP,GSW,Eric Gordon,Anthony Davis,0.5386096039364523,False,Eric Gordon,0.5,True
2014,DET,ATL,Josh Smith,Josh Smith,0.775476029758482,True,Josh Smith,1.0,True
2014,ATL,NYK,Paul Millsap,Paul Millsap,0.5757994597273253,True,Paul Millsap,0.7500000901816083,True
2014,UTA,MIN,Enes Kanter,Enes Kanter,0.6287526674947523,True,Enes Kanter,1.0,True
2014,DAL,NOP,Samuel Dalembert,Samuel Dalembert,0.665412645776608,True,Samuel Dalembert,1.0,True
2014,DET,CLE,Kyle Singler,Kyle Singler,0.6520260498955035,True,Kyle Singler,0.9999982831958285,True
2014,IND,ORL,Orlando Johnson,Lance Stephenson,0.5443334770491586,False,Rasual Butler,0.8013453432836732,False
2014,MIN,GSW,Kevin Love,Kevin Love,0.5045734697886698,True,Kevin Love,0.6666666666666666,True
2014,DEN,NOP,Ty Lawson,Ty Lawson,0.5610539401927511,True,Ty Lawson,1.0,True
2015,MEM,MIN,Marc Gasol,Marc Gasol,0.6155905908146422,True,Marc Gasol,1.0,True
2015,BOS,DET,Jeff Green,Isaiah Thomas,0.5614529308288292,False,Jeff Green,0.6666666666666666,True
2015,IND,CHI,David West,David West,0.7240950380787783,True,David West,1.0,True
2015,HOU,TOR,Terrence Jones,Tarik Black,0.529431029741043,False,Joey Dorsey,0.7908130029349375,False
2015,OKC,MIN,Perry Jones,Grant Jerrett,0.5354191080266437,False,Mitch McGary,0.5740929629527152,False
2015,OKC,LAC,Anthony Morrow,Perry Jones,0.5398683658187515,False,Dion Waiters,0.37936667686715464,False
2015,SAC,PHO,Reggie Evans,Reggie Evans,0.5731713758369703,True,Reggie Evans,1.0,True
2015,OKC,PHI,Russell Westbrook,Lance Thomas,0.5707645896460182,False,Perry Jones,1.0,False
2015,PHI,ATL,Jerami Grant,Drew Gordon,0.44903416590721323,False,Jason Richardson,0.7411090042845463,False
2015,BRK,PHO,Deron Williams,Deron Williams,0.5332144000699234,True,Deron Williams,1.0,True
2015,BOS,SAS,Brandon Bass,Brandon Bass,0.6487577414725209,True,Brandon Bass,1.0,True
2015,SAC,LAC,Derrick Williams,Ramon Sessions,0.5108770120082121,False,Derrick Williams,0.7771989302242112,True
2015,TOR,NYK,Kyle Lowry,Kyle Lowry,0.5559582185939569,True,Kyle Lowry,1.0,True
2015,DEN,NOP,Ty Lawson,J.J. Hickson,0.5971358971157765,False,Jamaal Franklin,1.0,False
2015,ATL,OKC,Al Horford,Kent Bazemore,0.47801430219854596,False,Austin Daye,0.564873253491174,False
2015,ORL,SAS,Andrew Nicholson,Aaron Gordon,0.4409884734345447,False,Aaron Gordon,0.4926102499465417,False
2015,POR,IND,Joel Freeland,Joel Freeland,0.6411181255570626,True,Joel Freeland,0.999999590969902,True
2015,OKC,MIN,Kendrick Perkins,Kendrick Perkins,0.6323138601984103,True,Perry Jones,0.7556089113182415,False
2015,NYK,PHI,Jason Smith,Jason Smith,0.4426925326945584,True,Travis Wear,0.5327281225809565,False
2015,SAS,WAS,Tim Duncan,Tiago Splitter,0.6155646325566783,False,Reggie Williams,1.0,False
2015,ORL,MEM,Elfrid Payton,Elfrid Payton,0.6485928971898942,True,Elfrid Payton,0.9999983327732537,True
2015,CLE,LAL,LeBron James,Alex Kirk,0.5839663688391384,False,Joe Harris,0.7267410862621122,False
2015,BOS,MEM,Jae Crowder,Jae Crowder,0.58967889141102,True,Jae Crowder,1.0,True
2015,NYK,PHO,Pablo Prigioni,Alexey Shved,0.5158328845990593,False,Amar'e Stoudemire,0.8082302393295087,False
2015,CHI,PHI,Pau Gasol,Nikola Mirotic,0.4795587389596641,False,Joakim Noah,0.7906341053884747,False
2015,NYK,BOS,Jason Smith,Carmelo Anthony,0.5264919286593835,False,Jason Smith,0.8666589995922949,True
2015,BOS,MIA,Kelly Olynyk,Kelly Olynyk,0.6297694939762842,True,Kelly Olynyk,1.0,True
2015,IND,CHI,Rodney Stuckey,A.J. Price,0.561822288123689,False,Rodney Stuckey,1.0,True
2015,TOR,NYK,Patrick Patterson,Lucas Nogueira,0.4795347127154465,False,Landry Fields,0.6243227524473133,False
2015,ATL,IND,DeMarre Carroll,DeMarre Carroll,0.48020281706398554,True,DeMarre Carroll,0.7451878727702718,True
2015,ATL,CHO,Kyle Korver,Kyle Korver,0.6444427025897623,True,Kyle Korver,1.0,True
2015,GSW,MIA,Andre Iguodala,Andre Iguodala,0.5677814034579004,True,Andre Iguodala,1.0,True
2015,CHO,MIA,Al Jefferson,Al Jefferson,0.6478346877481528,True,Al Jefferson,0.9999986574561482,True
2015,BOS,PHI,Evan Turner,Evan Turner,0.6833840462723895,True,Evan Turner,1.0,True
2015,CLE,DET,Tristan Thompson,Tristan Thompson,0.6825232862175948,True,Tristan Thompson,1.0,True
2015,MEM,LAC,Mike Conley,Russ Smith,0.498276169860971,False,Mike Conley,0.9999974414857178,True
2015,SAC,MIL,Nik Stauskas,Quincy Miller,0.477304612450907,False,Nik Stauskas,0.3936552050776569,True
2015,POR,OKC,Arron Afflalo,Tim Frazier,0.5022540655744089,False,Chris Kaman,0.7840140801930927,False
2015,CHI,MIL,Jimmy Butler,Tony Snell,0.6152015308739776,False,Jimmy Butler,1.0,True
2015,CHI,HOU,Kirk Hinrich,Nikola Mirotic,0.5999006519019584,False,Nikola Mirotic,1.0,False
2015,ORL,CHO,Victor Oladipo,Victor Oladipo,0.5010354158149544,True,Kyle O'Quinn,1.0,False
2015,ORL,WAS,Channing Frye,Maurice Harkless,0.3983913493547655,False,Dewayne Dedmon,0.045768482020749124,False
2015,IND,HOU,C.J. Watson,Lavoy Allen,0.4718097392957896,False,Lavoy Allen,0.4008231790658567,False
2015,PHO,SAC,Marcus Morris,Brandon Knight,0.5542815589506037,False,T.J. Warren,1.0,False
2015,NOP,CHI,Alexis Ajinca,Darius Miller,0.5178041339062035,False,Alexis Ajinca,1.0,True
2015,CHI,DEN,Kirk Hinrich,Kirk Hinrich,0.6647356457597279,True,Kirk Hinrich,0.9999971315608179,True
2015,NOP,NYK,Omer Asik,Omer Asik,0.6798252654768154,True,Omer Asik,1.0,True
2015,SAS,DEN,Patty Mills,Tim Duncan,0.5616551659557304,False,JaMychal Green,0.772034884002207,False
2015,MEM,DET,Vince Carter,Tayshaun Prince,0.5275841731459037,False,Vince Carter,0.5870602287702107,True
2015,UTA,MIN,Derrick Favors,Gordon Hayward,0.5059328276833804,False,Derrick Favors,0.6197962281710762,True
2015,MIN,ATL,Nikola Pekovic,Nikola Pekovic,0.6826986868894508,True,Nikola Pekovic,1.0,True
2015,WAS,SAC,Kevin Seraphin,Andre Miller,0.44536810647757036,False,John Wall,0.19415872439131981,False
2015,DEN,NYK,Gary Harris,Gary Harris,0.616090867194853,True,Gary Harris,1.0,True
2015,MIL,NOP,Tyler Ennis,Tyler Ennis,0.5886169022656759,True,Tyler Ennis,1.0,True
2015,IND,NYK,Roy Hibbert,Roy Hibbert,0.7075487004177665,True,Roy Hibbert,1.0,True
2015,HOU,ORL,Josh Smith,Josh Smith,0.6198400686241198,True,Josh Smith,1.0,True
2015,UTA,PHI,Gordon Hayward,Gordon Hayward,0.6130791861354937,True,Gordon Hayward,0.9999993699907863,True
2015,WAS,OKC,Marcin Gortat,Marcin Gortat,0.5796014206057918,True,Marcin Gortat,1.0,True
2015,WAS,SAS,Rasual Butler,Will Bynum,0.4501673309781129,False,Martell Webster,0.78766594417704,False
2015,GSW,LAL,Draymond Green,Draymond Green,0.6200589659902243,True,Draymond Green,1.0,True
2015,SAC,DEN,Derrick Williams,Derrick Williams,0.657749494317682,True,Derrick Williams,1.0,True
2015,TOR,NYK,Tyler Hansbrough,Lucas Nogueira,0.5573707426311263,False,Jonas Valanciunas,0.40011452849816453,False
2015,NYK,CHO,Tim Hardaway,Tim Hardaway,0.6496758215344031,True,Tim Hardaway,1.0,True
2015,PHI,UTA,Ish Smith,Ish Smith,0.5972448396235651,True,Ish Smith,1.0,True
2015,PHI,GSW,Nerlens Noel,Nerlens Noel,0.44645841436455086,True,Nerlens Noel,1.0,True
2015,SAC,MIN,Andre Miller,Carl Landry,0.5618468228743994,False,Carl Landry,0.39694990092873195,False
2015,WAS,CLE,Nene Hilario,Martell Webster,0.5026513326616433,False,DeJuan Blair,0.7695221536436563,False
2015,MIL,ORL,Khris Middleton,Brandon Knight,0.5335977518845268,False,Nate Wolters,0.5945224867603618,False
2015,BRK,MIA,Joe Johnson,Joe Johnson,0.6161166885415069,True,Joe Johnson,1.0,True
2015,WAS,ATL,Bradley Beal,Bradley Beal,0.5909304281655533,True,Bradley Beal,1.0,True
2015,ORL,CHI,Victor Oladipo,Victor Oladipo,0.554691003377799,True,Victor Oladipo,0.6666666494053735,True
2015,DET,OKC,Andre Drummond,Quincy Miller,0.48204040527181347,False,Luigi Datome,1.0,False
2015,HOU,SAC,Kostas Papanikolaou,Kostas Papanikolaou,0.6485824512289357,True,Kostas Papanikolaou,0.9999971976406764,True
2015,CHO,SAC,Michael Kidd-Gilchrist,Michael Kidd-Gilchrist,0.631118324935281,True,Michael Kidd-Gilchrist,1.0,True
2015,TOR,GSW,Patrick Patterson,Patrick Patterson,0.5963446506556389,True,Patrick Patterson,0.9999947991684301,True
2015,CHO,MIA,Marvin Williams,Marvin Williams,0.6301762874194655,True,Troy Daniels,1.0,False
2015,DAL,LAC,Chandler Parsons,Monta Ellis,0.47194178941321396,False,Dwight Powell,0.7948772588493183,False
2015,NYK,MIL,Tim Hardaway,Lance Thomas,0.5368792635911409,False,Lou Amundson,0.5618025900669227,False
2015,POR,UTA,Nicolas Batum,Nicolas Batum,0.6244298065623745,True,Nicolas Batum,0.9999995911897155,True
2015,BOS,DEN,James Young,Isaiah Thomas,0.5151095067882774,False,Shavlik Randolph,0.8021827974715654,False
2015,MEM,HOU,Tony Allen,Tyrus Thomas,0.519729147041317,False,Zach Randolph,1.0,False
2015,GSW,DAL,Klay Thompson,Justin Holiday,0.540375536292139,False,Shaun Livingston,0.1714142022455057,False
2015,LAL,TOR,Jeremy Lin,Jeremy Lin,0.49991897801449575,True,Jeremy Lin,1.0,True
2015,LAL,DAL,Jordan Hill,Jordan Hill,0.5976450444928872,True,Jordan Hill,0.9999991957989428,True
2015,MIL,ATL,Khris Middleton,Khris Middleton,0.7035662067950116,True,Khris Middleton,1.0,True
2015,NOP,GSW,Austin Rivers,Austin Rivers,0.6352653012722526,True,Austin Rivers,1.0,True
2015,ATL,TOR,Paul Millsap,Paul Millsap,0.6631584387284251,True,Paul Millsap,0.9999974753423523,True
2015,CLE,DET,James Jones,Shawn Marion,0.5044297874084447,False,Anderson Varejao,0.2126677485931549,False
2015,MIA,PHO,Luol Deng,Danny Granger,0.48690795220389815,False,Shabazz Napier,0.4677409340561114,False
2015,ATL,DAL,Al Horford,Al Horford,0.5282116653280614,True,Al Horford,1.0,True
2015,GSW,PHO,Stephen Curry,Marreese Speights,0.562233799183008,False,Shaun Livingston,0.7705802543662936,False
2015,MEM,DEN,Tony Allen,Tony Allen,0.6429547448657528,True,Tony Allen,0.9999971444814518,True
2015,ATL,WAS,Kent Bazemore,Kent Bazemore,0.6895939406120487,True,Kent Bazemore,0.9999998501620463,True
2015,SAS,CHI,Tim Duncan,Tim Duncan,0.7039181218540397,True,Tim Duncan,0.9999997219950535,True
2015,MEM,DEN,Marc Gasol,Jordan Adams,0.5371237229321778,False,Nick Calathes,0.6376431744620116,False
2015,GSW,SAC,Harrison Barnes,Ognjen Kuzmic,0.5361795045279598,False,Harrison Barnes,1.0,True
2015,DEN,DET,Ty Lawson,Nate Robinson,0.537119916671098,False,Gary Harris,0.6021430612693481,False
2015,HOU,DET,Patrick Beverley,Patrick Beverley,0.6999910599215928,True,Patrick Beverley,1.0,True
2015,DEN,MEM,Wilson Chandler,Wilson Chandler,0.6175231692975001,True,Wilson Chandler,1.0,True
2015,DAL,PHO,Tyson Chandler,Ricky Ledo,0.4858157912096057,False,Raymond Felton,0.3685503403456652,False
2016,ORL,DET,Elfrid Payton,Ben Gordon,0.5480791999063467,False,Elfrid Payton,0.7949174299765587,True
2016,NOP,LAC,Norris Cole,John Salmons,0.5650654236140191,False,Eric Gordon,0.6084210738065142,False
2016,WAS,POR,Nene Hilario,Martell Webster,0.49240674386343153,False,Kris Humphries,0.8125901092033455,False
2016,IND,MIL,C.J. Miles,David West,0.5373497328702268,False,A.J. Price,0.40177574832523705,False
2016,SAS,OKC,LaMarcus Aldridge,Reggie Williams,0.4898370500274546,False,Reggie Williams,1.0,False
2016,GSW,BRK,Andrew Bogut,Festus Ezeli,0.5181701853930855,False,Leandro Barbosa,1.0,False
2016,WAS,HOU,Bradley Beal,Nene Hilario,0.4847049815933563,False,Bradley Beal,0.20805923991492611,True
2016,UTA,DEN,Joe Ingles,Bryce Cotton,0.46980704531171663,False,Dante Exum,0.5603998371660965,False
2016,POR,MEM,Damian Lillard,LaMarcus Aldridge,0.4916702534756731,False,Victor Claver,0.6042744686347338,False
2016,CHI,SAS,Joakim Noah,Cameron Bairstow,0.5023693879969638,False,Nazr Mohammed,0.7952812309845104,False
2016,LAC,POR,Josh Smith,C.J. Wilcox,0.54071944612746,False,Jordan Farmar,0.8040077446429431,False
2016,LAC,GSW,Paul Pierce,Lester Hudson,0.4933026308033313,False,Jordan Farmar,0.8026225418323031,False
2016,ORL,MEM,Elfrid Payton,Andrew Nicholson,0.5194532920897723,False,Willie Green,1.0,False
2016,BRK,CHO,Shane Larkin,Alan Anderson,0.4715278834058099,False,Markel Brown,0.7856302448492163,False
2016,OKC,PHO,Kevin Durant,Dion Waiters,0.5403798234391014,False,Kevin Durant,0.42318756026165033,True
2016,HOU,ATL,Dwight Howard,Terrence Jones,0.503247468947262,False,Isaiah Canaan,0.5873112314461953,False
2016,IND,MEM,George Hill,Donald Sloan,0.5055834590283639,False,Donald Sloan,1.0,False
2016,ATL,NYK,Tiago Splitter,Adreian Payne,0.5232484786514303,False,Mike Muscala,0.8195760887420869,False
2016,TOR,UTA,DeMar DeRozan,Patrick Patterson,0.5500071616672296,False,Patrick Patterson,0.7950173236028178,False
2016,TOR,NOP,DeMar DeRozan,Tyler Hansbrough,0.4956436257813218,False,Bruno Caboclo,0.8012713022527223,False
2016,POR,DAL,Allen Crabbe,Nicolas Batum,0.48102375026031896,False,Chris Kaman,0.611172210593171,False
2016,PHI,BRK,Hollis Thompson,Thomas Robinson,0.5502482759639097,False,JaKarr Sampson,1.0,False
2016,MEM,DEN,Matt Barnes,Kalin Lucas,0.5572699921487309,False,Nick Calathes,0.5940048177688098,False
2016,LAC,GSW,Wesley Johnson,Matt Barnes,0.48666413394495145,False,J.J. Redick,1.0,False
2016,WAS,IND,Bradley Beal,Kevin Seraphin,0.4790269063888008,False,Bradley Beal,1.0,True
2016,CLE,SAS,Tristan Thompson,Dion Waiters,0.4776736821802263,False,Tristan Thompson,0.616849240436702,True
2016,MIA,TOR,Dwyane Wade,Henry Walker,0.5904817058657283,False,Dwyane Wade,1.0,True
2016,POR,UTA,Gerald Henderson,Alonzo Gee,0.49182009967365425,False,Alonzo Gee,1.0,False
2016,ORL,LAC,Nikola Vucevic,Kyle O'Quinn,0.48305113466737665,False,Nikola Vucevic,0.40350507035063077,True
2016,CHI,HOU,Pau Gasol,Kirk Hinrich,0.5113787953584129,False,Nikola Mirotic,0.7272399672347925,False
2016,IND,BRK,Monta Ellis,Shayne Whittington,0.47581518068638706,False,Donald Sloan,0.8049305636356664,False
2016,DAL,DET,Devin Harris,Dwight Powell,0.5044450487546476,False,Dwight Powell,0.6087303869632341,False
2016,NOP,ORL,Ish Smith,Luke Babbitt,0.5162340265778766,False,Alexis Ajinca,1.0,False
